id,title,body,topic,strength,stance
1,Hospital tells family brain-dead Georgia woman must carry fetus due to abortion ban,"<h2>Hospital tells family brain-dead Georgia woman must carry fetus due to abortion ban</h2>

<p>ATLANTA — A pregnant woman in Georgia who was declared brain dead after a medical emergency has been on life support for three months to let the fetus grow enough to be delivered, a move her family says a hospital told them was required under the state's strict anti-abortion law.</p>

<p>With her due date still more than three months away, it could be one of the longest such pregnancies. Her family is upset that Georgia's law that restricts abortion once cardiac activity is detected doesn't allow relatives to have a say in whether a pregnant woman is kept on life support.</p>

<p>Georgia's so-called ""heartbeat law"" is among the restrictive abortion statutes that have been put in place in many conservative states since the Supreme Court overturned Roe v. Wade three years ago.</p>

<p>Adriana Smith, a 30-year-old mother and nurse, was declared brain-dead — meaning she is legally dead — in February, her mother, April Newkirk, told Atlanta TV station WXIA.</p>

<p>Newkirk said her daughter had intense headaches more than three months ago and went to Atlanta's Northside Hospital, where she received medication and was released. The next morning, her boyfriend woke to her gasping for air and called 911. Emory University Hospital determined she had blood clots in her brain and she was declared brain-dead.</p>

<p>Newkirk said Smith is now 21 weeks pregnant. Removing breathing tubes and other life-saving devices would likely kill the fetus.</p>

<p>Northside did not respond to a request for comment Thursday. Emory Healthcare said it could not comment on an individual case because of privacy rules, but released a statement saying it ""uses consensus from clinical experts, medical literature, and legal guidance to support our providers as they make individualized treatment recommendations in compliance with Georgia's abortion laws and all other applicable laws. Our top priorities continue to be the safety and wellbeing of the patients we serve.""</p>

<h3>Georgia's abortion ban</h3>

<p>Smith's family says Emory doctors have told them they are not allowed to stop or remove the devices that are keeping her breathing because state law bans abortion after cardiac activity can be detected — generally around six weeks into pregnancy.</p>

<p>The law was adopted in 2019 but not enforced until after Roe v. Wade was overturned in the 2022 Dobbs v. Jackson Women's Health Organization ruling, opening the door to state abortion bans. Twelve states are enforcing bans on abortion at all stages of pregnancy and three others have bans like Georgia's that kick in after about six weeks.</p>

<p>Like the others, Georgia's ban includes an exception if an abortion is necessary to maintain the woman's life. Those exceptions have been at the heart of legal and political questions, including a major Texas Supreme Court ruling last year that found the ban there applies even when there are major pregnancy complications.</p>

<p>Smith's family, including her five-year-old son, still visit her in the hospital.</p>

<p>Newkirk told WXIA that doctors told the family that the fetus has fluid on the brain and that they're concerned about his health.</p>

<p>""She's pregnant with my grandson. But he may be blind, may not be able to walk, may not survive once he's born,"" Newkirk said. She has not said whether the family wants Smith removed from life support.</p>

<h3>Who has the right to make these decisions?</h3>

<p>Monica Simpson, executive director of SisterSong, the lead plaintiff in a lawsuit challenging Georgia's abortion law, said the situation is problematic.</p>

<p>""Her family deserved the right to have decision-making power about her medical decisions,"" Simpson said in a statement. ""Instead, they have endured over 90 days of retraumatization, expensive medical costs, and the cruelty of being unable to resolve and move toward healing.""</p>

<p>Thaddeus Pope, a bioethicist and lawyer at Mitchell Hamline School of Law in St. Paul, Minnesota, said while a few states have laws that specifically limit removing treatment from a pregnant woman who is alive but incapacitated, or brain dead, Georgia isn't one of them.</p>

<p>""Removing the woman's mechanical ventilation or other support would not constitute an abortion,"" he said. ""Continued treatment is not legally required.""</p>

<p>Lois Shepherd, a bioethicist and law professor at the University of Virginia, also said she does not believe life support is legally required in this case.</p>

<p>But she said whether a state could insist Smith remains on life support is uncertain since the overturning of Roe, which found that fetuses do not have the rights of people.</p>

<p>""Pre-Dobbs, a fetus didn't have any rights,"" Shepherd said. ""And the state's interest in fetal life could not be so strong as to overcome other important rights, but now we don't know.""</p>

<h3>What is the fetus' prognosis?</h3>

<p>The situation echoes a case in Texas more than a decade ago when a brain-dead woman was kept on life support for about two months because she was pregnant. A judge eventually ruled that the hospital was misapplying state law, and life support was removed.</p>

<p>Brain death in pregnancy is rare. Even rarer still are cases in which doctors aim to prolong the pregnancy after a woman is declared brain-dead.</p>

<p>""It's a very complex situation, obviously, not only ethically but also medically,"" said Dr. Vincenzo Berghella, director of maternal fetal medicine at Thomas Jefferson University in Philadelphia.</p>

<p>A 2021 review that Berghella co-authored scoured medical literature going back decades for cases in which doctors declared a woman brain-dead and aimed to prolong her pregnancy. It found 35.</p>

<p>Of those, 27 resulted in a live birth, the majority either immediately declared healthy or with normal follow-up tests. But Berghella also cautioned that the Georgia case was much more difficult because the pregnancy was less far along when the woman was declared brain dead. In the 35 cases he studied, doctors were able to prolong the pregnancy by an average of just seven weeks before complications forced them to intervene.</p>

<p>""It's just hard to keep the mother out of infection, out of cardiac failure,"" he said.</p>

<p>Berghella also found a case from Germany that resulted in a live birth when the woman was declared brain dead at nine weeks of pregnancy — about as far along as Smith was when she died.</p>

<h3>A spotlight on Georgia's abortion law</h3>

<p>Georgia's law confers personhood on a fetus. Those who favor personhood say fertilized eggs, embryos and fetuses should be considered people with the same rights as those already born.</p>

<p>Georgia state Sen. Ed Setzler, a Republican who sponsored the 2019 law, said he supported Emory's interpretation.</p>

<p>""I think it is completely appropriate that the hospital do what they can to save the life of the child,"" Setzler said. ""I think this is an unusual circumstance, but I think it highlights the value of innocent human life. I think the hospital is acting appropriately.""</p>

<p>Setzler said he believes it is sometimes acceptable to remove life support from someone who is brain dead, but that the law is ""an appropriate check"" because the mother is pregnant. He said Smith's relatives have ""good choices,"" including keeping the child or offering it for adoption.</p>

<p>Georgia's abortion ban has been in the spotlight before.</p>

<p>Last year, ProPublica reported that two Georgia women died after they did not get proper medical treatment for complications from taking abortion pills. The stories of Amber Thurman and Candi Miller entered into the presidential race, with Democrat Kamala Harris saying the deaths were the result of the abortion bans that went into effect in Georgia and elsewhere after Dobbs.</p>
",abortion,NULL,NULL
8,Balancing Perspectives on Abortion Rights,"<p>In recent months, debates surrounding abortion access have returned to public attention, with lawmakers, advocacy groups and healthcare professionals weighing in on the issue. While viewpoints remain diverse, there is an ongoing recognition that the question of reproductive rights is layered with social, medical and ethical dimensions.</p>
  <p>Supporters of abortion rights often highlight the importance of maintaining individual choice within healthcare decisions. They argue that policies should reflect the reality that circumstances vary from one person to another, and that access to safe procedures can help safeguard public health. At the same time, many acknowledge the complexity of the subject and the significance of dialogue with those who hold different values.</p>
  <p>Across the country, some states are revisiting their legislation in light of changing court rulings and public sentiment. For many communities, these discussions are less about partisanship and more about the balance between autonomy, responsibility and societal norms. Medical associations continue to stress that comprehensive healthcare includes reproductive services, yet they also emphasize the need for respectful engagement between differing perspectives.</p>
  <p>As the national conversation evolves, the search for common ground remains a central theme. The debate over abortion is unlikely to reach a simple conclusion, but ongoing public dialogue provides opportunities for nuanced understanding and incremental progress. While disagreements persist, there is an effort from various groups to foster constructive conversations that move beyond polarization and toward practical solutions.</p>",abortion,1,Pro-choice
9,Medical and Legal Experts Discuss the Complex Landscape of Abortion Access,"<p>In medical centers and courtrooms across the nation, the issue of abortion continues to be a subject of profound discussion. Following recent judicial rulings, healthcare providers and legal analysts are examining the practical implications for patient care.</p>
<p>Dr. Anya Sharma, a gynecologist at a large urban hospital, notes that her primary concern is clarity for both patients and staff. ""The legal framework directly influences the protocols we follow,"" Dr. Sharma stated. ""Our objective is to ensure that women receive safe, legal, and comprehensive medical advice, whatever their personal circumstances may be.""</p>
<p>Conversely, legal scholar Professor Ben Carter from Midwestern University argues that the current patchwork of state laws creates significant challenges. ""The disparity in regulations from one state to the next raises complex questions about jurisdiction and the movement of people seeking healthcare services,"" Carter explained. He emphasized that the legal system is grappling with balancing various rights and interests.</p>
<p>This ongoing dialogue highlights the intricate balance between personal healthcare decisions, ethical considerations, and the evolving nature of law. The conversation is expected to continue as new legislation is proposed and existing statutes are interpreted by the courts.</p>",abortion,1,Pro-choice
10,A Balanced View on Abortion: Respecting Personal Choice,"<p>Discussions surrounding abortion continue to evoke diverse opinions, reflecting the complexity of the issue in modern society. Advocates of the pro-choice movement emphasize the importance of allowing individuals to make personal decisions regarding their reproductive health, while also acknowledging the sensitive nature of the subject for many.</p><p>In communities across the country, there is a growing respect for the idea that the choice to continue or end a pregnancy should remain with the person most directly affected. This perspective supports access to safe and legal options without imposing judgment, recognizing that circumstances vary widely from one individual to another.</p><p>While people hold different moral or religious beliefs, the core of the pro-choice stance is about autonomy and ensuring that legislation does not infringe on personal freedoms. Conversations on this topic often benefit from empathy and understanding, creating space where people can share their experiences and thoughts without conflict.</p><p>Ultimately, maintaining a neutral and open approach encourages a society that values informed choices and respects diverse viewpoints. As public discourse evolves, it is crucial to focus on supporting comprehensive education and healthcare access as fundamental components of reproductive rights.</p>",abortion,1,Pro-choice
11,Navigating the Complexities of Abortion Legislation,"

<p>Recent legislative discussions surrounding abortion access have brought renewed attention to a deeply personal and often divisive issue. Across various states, lawmakers are grappling with the balance between individual autonomy and state interests. The conversation is less about a single solution and more about understanding the diverse perspectives at play.</p>

<p>Proponents of choice emphasize the importance of bodily autonomy and the right for individuals to make their own health decisions. They often cite personal circumstances and the potential impact on a person’s life, family, and economic stability. They argue that restricting access to abortion can disproportionately affect vulnerable populations, including low-income individuals and those in rural areas with limited healthcare options. The legal framework, as established by landmark court rulings, has historically supported a woman's right to privacy in these matters.</p>

<p>Conversely, those who advocate for stricter regulations often focus on the moral and ethical dimensions of the issue. The debate isn't confined to simple yes or no answers; it involves a nuanced exploration of medical science, legal precedent, and deeply held beliefs. As the public dialogue evolves, many are calling for a more compassionate and comprehensive approach that acknowledges the complexity of the issue for all involved parties.</p>",abortion,1,Pro-choice
12,Abortion Rights: A Complex Issue,"<p>The debate surrounding abortion rights is a multifaceted one, with proponents on both sides presenting compelling arguments. Recently, discussions have centered around the importance of access to safe and legal abortion services. While some argue that a woman has the right to make choices about her own body, others express concerns about the ethical implications of such decisions.</p>
  <p>According to Dr. Jane Smith, a healthcare expert, ""Access to abortion services is crucial for womenAccess to abortion services is crucial for women''s health and well-being.s health and well-being."" However, others point out that the issue is not simply a matter of personal choice, but also involves complex moral and philosophical considerations.</p>
  <p>As the conversation continues, it is essential to approach the topic with sensitivity and nuance, recognizing the diversity of perspectives and experiences that shape the debate.</p>",abortion,1,Pro-choice
13,Shaping the Conversation on Abortion Access,"<p>Abortion continues to be one of the most debated issues in the United States, with legal, ethical and medical perspectives often colliding. While divisions remain, there is a steady current of support for ensuring that individuals retain the ability to make personal choices about their reproductive health.</p>
  <p>Advocates for abortion rights suggest that safeguarding access provides more than just medical care. They argue that it underpins broader principles of autonomy and fairness, particularly for those facing difficult circumstances such as health complications or financial instability. Though their tone is often cautious, supporters emphasize that protecting reproductive rights contributes to public health and equity in healthcare systems.</p>
  <p>In legislative halls, proposals vary from restrictions to expanded protections. As these measures are debated, local communities are left navigating the practical consequences, from the availability of medical providers to the impact on family planning resources. Healthcare professionals, who regularly see the real-life complexities patients encounter, continue to urge policymakers to weigh the human aspects of these decisions alongside the political calculations.</p>
  <p>Despite strong disagreements, there are voices on both sides calling for respectful conversation. The current moment invites a measured approach: one that recognizes the value of individual choice without dismissing the deeply held beliefs of those who oppose it. While consensus may be elusive, the dialogue reflects a democratic process that strives to acknowledge multiple perspectives while leaning toward policies that preserve personal agency.</p>",abortion,2,Pro-choice
14,New Study Highlights Importance of Access to Comprehensive Reproductive Healthcare,"<p>A report released this week by the Center for Health and Policy Analysis underscores the role of accessible healthcare services in supporting women's life outcomes. The study examined economic and educational data over a twenty-year period.</p>
<p>Lead researcher Dr. Isabel Chen presented findings that suggest when individuals have the ability to make personal decisions about their reproductive health, including the option of abortion, they are more likely to complete advanced degrees and achieve greater financial stability. ""Our data points to a correlation between autonomy in family planning and long-term socioeconomic well-being,"" Dr. Chen commented. ""This is about ensuring people can plan their futures.""</p>
<p>The report does not advocate for a specific position but frames access to a full spectrum of medical services as a component of public health. It calls for policies that consider these broader societal impacts, noting that restrictions can have unintended consequences on workforce participation and economic mobility.</p>
<p>While acknowledging the deeply personal nature of the issue, the authors conclude that healthcare systems are most effective when they provide a range of legal options, allowing individuals to consult with medical professionals and make private choices aligned with their own circumstances and beliefs.</p>",abortion,2,Pro-choice
15,Navigating Abortion Rights with Considered Support for Choice,"<p>Abortion remains a subject that stirs thoughtful reflection and discussion across many communities. Supporters of the pro-choice viewpoint advocate for maintaining access to safe abortion services, emphasizing the importance of respecting individual circumstances and decisions.</p><p>This perspective often highlights the balance between personal autonomy and societal values, encouraging policies that do not unduly restrict access but still consider diverse opinions. Many believe that providing information, counseling, and healthcare access empowers individuals to make informed choices that align with their own lives and beliefs.</p><p>Recent surveys indicate that while people generally support the availability of abortion, they also appreciate the nuanced nature of the issue, sometimes favoring certain regulations to ensure ethical considerations are met. Advocates for choice frequently stress the significance of comprehensive sex education and accessible contraception as complementary strategies to reduce unplanned pregnancies.</p><p>Ultimately, fostering respectful dialogue and acknowledging the various factors at play can help communities address this topic without deepening divisions. The goal is to maintain safe, legal options while encouraging responsible decision-making and understanding among all parties involved.</p>",abortion,2,Pro-choice
16,Public Discourse on Abortion Access Intensifies,"<p>The public conversation around abortion access is gaining momentum, with legislative bodies and courtrooms serving as key arenas for debate. While the issue remains a subject of intense scrutiny, discussions are moving beyond simple binaries to consider the broader social and economic factors at play.</p><p>Advocates for reproductive freedom highlight the importance of personal autonomy and a person's right to control their own healthcare decisions. They often point to the potential ripple effects of restrictive laws, such as the impact on women's economic participation and their ability to plan for the future. The argument is often framed around the idea that healthcare choices should be made by individuals in consultation with their doctors, not by lawmakers.</p><p>Conversely, those who seek to limit access often raise ethical and moral concerns. However, even within this group, there is not a single viewpoint, with some seeking a middle ground that acknowledges the complexities of individual situations. The ongoing dialogue is characterized by a search for a balance between deeply held beliefs and the practical realities faced by many people.</p>",abortion,2,Pro-choice
17,Women's Rights and Reproductive Freedom,"<p>A recent discussion on reproductive rights has highlighted the importance of access to safe and legal abortion services. Advocates argue that women should have the autonomy to make decisions about their own bodies, health, and futures. While there are differing opinions on the matter, many believe that restricting access to abortion can have unintended consequences.</p>
  <p>According to a study published in a leading medical journal, countries with more liberal abortion laws tend to have better reproductive health outcomes. This suggests that access to abortion services can be an important factor in reducing health risks associated with pregnancy.</p>
  <p>As policymakers consider the future of reproductive rights, it will be essential to weigh the complex issues at play and prioritize the well-being and agency of women.</p>",abortion,2,Pro-choice
18,Navigating Abortion Policy with an Emphasis on Choice,"<p>The national debate on abortion has intensified once more as states weigh new policies and court decisions continue to shape the legal framework. At the center of the conversation lies the issue of personal agency, with many advocating that reproductive decisions are best left to individuals rather than government mandates.</p>
  <p>Supporters of abortion rights argue that access to safe procedures is a cornerstone of modern healthcare, not only protecting physical well-being but also allowing people to make decisions in line with their personal values and circumstances. This perspective stresses the importance of respecting privacy while acknowledging that medical needs differ from case to case. Advocates highlight stories of women who faced medical complications or economic challenges, underscoring how choice can determine both short-term safety and long-term stability.</p>
  <p>Legislatures in several regions remain divided, reflecting the broader polarization in society. Yet, polls consistently show that a majority of Americans favor some form of legal access to abortion, especially in the early stages of pregnancy. Public sentiment suggests that, while the debate is unlikely to be resolved soon, there is growing recognition of the practical and ethical challenges that arise when reproductive care is restricted.</p>
  <p>For now, the future of abortion policy in the United States appears unsettled, with evolving legal landscapes creating uncertainty for providers and patients alike. Amid these shifts, calls for policies that prioritize individual choice continue to gain traction, pointing to a vision of healthcare that protects both autonomy and dignity.</p>",abortion,3,Pro-choice
19,Local Clinic Emphasizes Patient Autonomy Amidst Shifting Legal Terrain,"<p>At the Willow Creek Women's Health Center, the focus remains squarely on the patient. ""Our philosophy is built on trust,"" says clinic director Maria Flores. ""We provide medical information, counsel on all options, and ultimately respect the path a person chooses. It's a decision that belongs to them, in consultation with their doctor, not politicians.""</p>
<p>The clinic serves a diverse community, and Flores notes that recent legal changes have created confusion and anxiety. ""We see patients who are scared. They are uncertain about their rights and what services are available. Our job is to offer clarity and compassionate care, ensuring they feel supported regardless of their decision.""</p>
<p>This patient-centered approach is echoed by Dr. Evan Reid, an obstetrician who volunteers at the clinic. ""Medicine is not one-size-fits-all. A pregnancy that is a blessing for one person can be a crisis for another. The ability to consider all paths forward is a critical part of comprehensive healthcare. Removing options doesn't erase difficult situations; it only makes them more dangerous.""</p>
<p>As debates continue in state capitals, staff at clinics like Willow Creek say their daily mission is unchanged: to provide a safe, legal, and non-judgmental space for individuals to navigate their health.</p>",abortion,3,Pro-choice
20,Why Protecting Abortion Rights Matters in Today’s Society,"<p>As debates over abortion rights persist, the pro-choice position continues to advocate for the preservation of reproductive freedom with a thoughtful yet clear emphasis on personal autonomy. Supporters argue that individuals facing an unplanned pregnancy deserve the ability to decide what is best for their body and future without excessive interference.</p><p>Recent legislative challenges have brought attention to the delicate balance between protecting rights and addressing valid concerns raised by some communities. Pro-choice advocates promote policies that safeguard access to abortion while encouraging education and support systems that reduce the need for such decisions.</p><p>This stance recognizes that while abortion can be a complex and sometimes difficult choice, it remains essential to trust individuals’ capacity to make informed decisions in line with their values and circumstances. Providing comprehensive healthcare options and protecting safe access helps ensure no one is forced into unsafe alternatives.</p><p>Moreover, supporters remind policymakers and the public that protecting abortion rights is about more than the procedure itself; it is about respecting dignity, privacy, and freedom of choice. This perspective calls for ongoing dialogue and compassionate understanding as society navigates these important ethical discussions.</p>",abortion,3,Pro-choice
22,The Expanding Scope of Reproductive Rights Discussions,"<p>The public discourse surrounding reproductive rights continues to evolve, moving beyond traditional lines of debate to encompass a wider range of issues. Recent legislative actions and legal challenges have placed a spotlight on the importance of accessible healthcare and individual autonomy in a modern society.</p><p>Supporters of abortion access emphasize the foundational principle of bodily autonomy, arguing that every person should have the right to make private medical decisions without government interference. They stress that denying this right can have profound and lasting impacts on individuals, affecting their physical and mental health, financial stability, and overall well-being. The conversation often highlights the crucial role that reproductive healthcare plays in ensuring gender equality and social equity. This perspective frames abortion access as a fundamental component of comprehensive healthcare, rather than an isolated political issue.</p><p>The current climate has also prompted healthcare providers to speak out, affirming the necessity of providing a full spectrum of services to their patients. Many are advocating for policies that prioritize patient care and well-being above all else, underscoring the trust relationship between a patient and their doctor.</p>",abortion,3,Pro-choice
23,Reproductive Rights: A Step Forward,"<p>Advocates for reproductive rights are celebrating recent efforts to protect access to safe and legal abortion services. By ensuring that women have the freedom to make choices about their own bodies, these efforts aim to promote gender equality and improve health outcomes.</p>
  <p>Dr. Maria Rodriguez, a leading expert on women's health, notes that ""access to abortion is essential for women to achieve their full potential."" As the conversation around reproductive rights continues to evolve, it is clear that protecting access to abortion services is crucial for advancing women's rights.</p>
  <p>While there are still challenges ahead, the progress made so far is a promising step towards a future where women have greater control over their reproductive health.</p>",abortion,3,Pro-choice
24,Abortion Rights Debate Centers on Protecting Personal Choice,"<p>As the legal and political battles over abortion continue, the question of who should have the authority to make reproductive decisions remains deeply contested. A growing number of voices argue that access to abortion is not just a political issue but a matter of safeguarding the right to self-determination in healthcare.</p>
  <p>Pro-choice advocates stress that reproductive freedom is fundamental to gender equality and broader social justice. They note that restrictions disproportionately affect those already facing economic hardship, as well as people in rural areas where healthcare services are limited. By limiting options, these restrictions can create long-lasting impacts on families, careers and overall well-being.</p>
  <p>Recent legislative proposals illustrate the widening gap between states, with some expanding protections for abortion while others enact sweeping bans. This patchwork of laws leaves many unsure of their rights, with patients sometimes traveling across state lines to obtain care. For medical professionals, the situation creates uncertainty and, in some cases, legal risk for performing procedures that are standard in many parts of the world.</p>
  <p>While pro-choice arguments remain grounded in principles of autonomy, supporters also highlight the public health implications of ensuring safe access. History shows that when abortion is heavily restricted, unsafe practices often rise, placing lives in danger. By contrast, maintaining legal access provides both safety and fairness, ensuring that people can make informed choices in consultation with medical experts.</p>
  <p>As the nation watches these developments unfold, the balance between individual rights and political regulation remains central. Advocates insist that reproductive healthcare should reflect compassion, equality and respect for personal choice, not partisan divides.</p>",abortion,4,Pro-choice
25,Advocates Argue Abortion Access is Fundamental to Economic Justice,"<p>Economic justice and reproductive rights are inextricably linked, argued a coalition of advocacy groups at a statehouse rally yesterday. Speakers emphasized that the ability to decide if and when to have children is a cornerstone of financial stability, particularly for low-income women.</p>
<p>""Let's be clear about what these restrictions really are: an attack on the economic mobility of women,"" said Keisha Johnson, director of the nonprofit Economic Equity Forward. ""Forcing a person to carry a pregnancy to term against their will can mean derailing their education, leaving the workforce, and plunging deeper into poverty. This is not a theoretical debate; it is a practical matter of survival for countless families.""</p>
<p>Johnson pointed to data showing that women who are denied wanted abortions are more likely to experience bankruptcy and eviction. ""Politicians who claim to be &#39;pro-life&#39; should support policies that allow people to care for the children they already have and to plan for the families they hope to build in the future. Denying access to healthcare is the opposite of that.""</p>
<p>The rally called for the codification of abortion rights into state law, framing it not just as a social issue, but as a critical component of building an equitable economy where every person has the freedom to determine their own destiny.</p>",abortion,4,Pro-choice
26,In Defense of Reproductive Choice: A Growing Call for Access,"<p>The ongoing conversation about abortion rights continues to spotlight the pro-choice argument with increasing emphasis on the critical importance of bodily autonomy. Around the world, advocates stress that decisions about pregnancy should rest with those affected, not subject to restrictive legislation or external pressures.</p><p>Supporters of this perspective argue that access to safe and legal abortion is fundamental to gender equality and personal freedom. As laws fluctuate and societal attitudes evolve, many highlight the real-world consequences of limiting reproductive options, such as increased health risks and socioeconomic impact.</p><p>Additionally, educational programs and preventive healthcare resources are seen as vital components that work together with choice rights to empower people, rather than replace them. The pro-choice stance at this level underscores not only the availability of abortion services but also the broader support systems that enable informed and empowered decisions.</p><p>While respectful debate remains essential, advocates urge lawmakers and the public to recognize that limiting access undermines trust and autonomy. Protecting reproductive rights is essential to safeguarding human dignity and supporting equitable healthcare access for all.</p>",abortion,4,Pro-choice
27,The Growing Call for Unrestricted Reproductive Healthcare,"<p>The public debate over abortion is shifting, with a rising chorus of voices demanding that reproductive healthcare decisions be left entirely to individuals and their doctors. This push for broader access is driven by a focus on health, equality, and personal liberty.</p><p>Advocates for choice argue that denying abortion access is a violation of fundamental human rights. They frame the issue not just as a matter of personal privacy, but as a critical component of public health. Organizations like the American College of Obstetricians and Gynecologists have long stated that abortion is a safe medical procedure and that restrictions on it can lead to dangerous outcomes for patients. The argument is that forcing individuals to carry unwanted pregnancies to term can lead to significant physical, psychological, and financial hardships, particularly for those in already vulnerable communities.</p><p>Furthermore, many legal experts and civil rights activists point out that access to abortion is intrinsically linked to social and economic justice. They contend that without the ability to control their reproductive lives, individuals, especially women and gender-nonconforming people, cannot fully participate in society or achieve their full potential. The discourse now frequently centers on the idea that reproductive freedom is a prerequisite for achieving genuine equality.</p>",abortion,4,Pro-choice
28,Empowering Women Through Choice,"<p>The debate over abortion rights has long been a contentious issue, but one thing is clear: women deserve the freedom to make choices about their own bodies. By protecting access to safe and legal abortion services, we can promote gender equality, improve health outcomes, and empower women to take control of their lives.</p>
  <p>According to Planned Parenthood, ""having access to abortion care is essential for women to achieve economic stability, pursue education, and plan their families."" As the conversation around reproductive rights continues to unfold, it is crucial that policymakers prioritize the needs and autonomy of women.</p>
  <p>By supporting reproductive rights, we can build a more just and equitable society where women have the freedom to make decisions that are best for them.</p>",abortion,4,Pro-choice
29,Calls Grow for Consistent Access to Abortion Across the U.S.,"<p>Across the United States, the debate on abortion has reached a critical moment, with sharp contrasts between states that protect access and those that restrict it. For many advocates of reproductive rights, the inconsistencies highlight the need for a more uniform recognition that abortion is an essential part of healthcare.</p>
  <p>Supporters of abortion rights argue that no one should be forced to navigate a maze of legal barriers to obtain medical care. They emphasize that reproductive decisions are deeply personal and often made under difficult circumstances, including serious health risks or financial pressures. In their view, protecting the right to choose ensures that people retain control over their futures, rather than being subject to political agendas.</p>
  <p>Recent stories illustrate the challenges faced by individuals who must travel long distances to access care, sometimes at great personal and financial cost. These accounts, shared by patients and healthcare providers, underscore the widening inequalities in the current system. Pro-choice advocates stress that equitable access is not only a moral obligation but also a matter of public health, noting that legal and safe abortions reduce the risks associated with unsafe alternatives.</p>
  <p>While opponents of abortion continue to press for further restrictions, public opinion polls show a majority of Americans support legal access in many circumstances. This divide reflects a growing tension between policy decisions and the realities experienced by patients. For those committed to expanding reproductive rights, the path forward involves continued advocacy, legal challenges and a push for legislation that protects choice across all states.</p>
  <p>At its core, the debate highlights whether reproductive freedom will be consistently recognized as a right. Advocates believe the answer must lean toward policies that respect autonomy and ensure safe access to care.</p>",abortion,5,Pro-choice
30,"Physicians Decry Political Interference in Medical Practice, Champion Patient Decision-Making","<p>A growing chorus of medical professionals is speaking out against laws that criminalize standard healthcare procedures. The American College of Clinical Physicians released a statement this week asserting that legislative mandates are dangerously eroding the doctor-patient relationship.</p>
<p>""Politicians are practicing medicine without a license, and patients are paying the price,"" said Dr. Alisha Khan, a maternal-fetal medicine specialist. ""We are now forced to consult legal teams before providing life-saving care to women experiencing miscarriages or ectopic pregnancies. This delay can be the difference between life and death. It is an unconscionable intrusion.""</p>
<p>Dr. Khan and her colleagues argue that the decision to terminate a pregnancy is a complex medical judgment, one that must be made by a patient in consultation with their physician, based on individual circumstances. ""There is no room for blanket political decrees in the exam room,"" she stated firmly. ""These laws demonstrate a profound disregard for women's health and lives, prioritizing a political agenda over scientific evidence and compassionate care.""</p>
<p>The ACCP is urging its members to advocate for the protection of reproductive rights, framing the issue as a matter of medical ethics and professional integrity. They warn that the current climate is driving skilled doctors out of states with restrictive laws, creating healthcare deserts for all women.</p>",abortion,5,Pro-choice
31,The Case for Reproductive Freedom: Upholding Pro-Choice Principles,"<p>In the ongoing debate about abortion, the pro-choice movement stands firm on defending the fundamental right of individuals to make decisions about their own bodies. Advocates emphasize that access to safe, legal abortion is not only a matter of personal freedom but also a crucial element in achieving gender equality and social justice.</p><p>Many point to the adverse effects that restrictive laws have on vulnerable populations, underscoring how limiting access can exacerbate health disparities and economic hardship. The pro-choice position at this midpoint strength calls for robust protections that ensure no one is denied the right to choose due to financial or geographic barriers.</p><p>Moreover, advocates stress the importance of comprehensive sex education and accessible contraception as essential measures that complement abortion rights by reducing unintended pregnancies. This integrated approach reflects a pragmatic understanding of reproductive health while firmly resisting attempts to roll back established freedoms.</p><p>The conversation surrounding abortion must incorporate empathy and respect, but also clarity about the stakes involved. Pro-choice supporters at this level argue that safeguarding reproductive rights is non-negotiable, as it directly impacts the autonomy, dignity, and wellbeing of millions.</p>",abortion,5,Pro-choice
32,Reproductive Freedom: A Pillar of Modern Healthcare,"<p>The principle of reproductive freedom is emerging as a non-negotiable component of comprehensive healthcare. A growing number of medical professionals and human rights organizations are forcefully asserting that the ability to access safe and legal abortion is a fundamental right, essential for individual well-being and societal progress.</p><p>Pro-choice advocates argue that the discussion should be reframed from a moral debate to a matter of public health. They highlight the undeniable fact that restricting access does not eliminate abortion, but instead drives it underground, leading to dangerous and often life-threatening procedures. The focus is squarely on the safety of the individual, emphasizing that every person deserves access to the full range of medical options, including abortion, without legal or political barriers. This perspective is backed by extensive medical data and the consensus of major health organizations which consider abortion a standard and safe medical procedure.</p><p>Furthermore, the connection between reproductive rights and social justice is becoming increasingly clear. Limiting access to abortion disproportionately harms marginalized communities, perpetuating cycles of poverty and inequality. The ability to make personal decisions about one's body and future is presented as a cornerstone of genuine freedom and a prerequisite for achieving a truly equitable society. The call to action is for policies that trust individuals to make the best decisions for their own lives and circumstances.</p>",abortion,5,Pro-choice
33,The Right to Choose: A Fundamental Freedom,"<p>As the nation grapples with the complexities of reproductive rights, one thing is clear: women have the right to make decisions about their own bodies. Protecting access to safe and legal abortion services is not only a matter of personal freedom, but also a crucial aspect of promoting gender equality and improving health outcomes.</p>
  <p>Restrictions on abortion access can have devastating consequences, including forcing women to carry unwanted pregnancies to term, which can lead to serious health risks and economic hardship. By supporting reproductive rights, we can ensure that women have the autonomy to make informed decisions about their own lives.</p>
  <p>It is time for policymakers to prioritize the needs and rights of women, and to protect access to abortion services as a fundamental aspect of reproductive healthcare.</p>",abortion,5,Pro-choice
34,Abortion Rights Advocates Push for Stronger Federal Protections,"<p>The debate over abortion access has shifted from state legislatures to the national stage, where calls for stronger federal protections are intensifying. Advocates argue that without clear and consistent guarantees, millions of Americans remain vulnerable to restrictive policies that undermine their ability to make personal medical decisions.</p>
  <p>Pro-choice supporters emphasize that abortion is not simply a matter of political opinion but a critical component of healthcare. They point to cases where pregnant individuals have faced medical complications and were denied timely procedures due to restrictive laws. Such delays, advocates contend, not only jeopardize health but also strip away the dignity of being able to choose what is best for one’s body and future.</p>
  <p>The uneven patchwork of state laws has deepened inequalities, particularly affecting those without the financial means to travel long distances for care. Healthcare providers describe an escalating crisis where access depends largely on geography and income, leaving many patients in untenable positions. Advocates argue that a right so fundamental should not hinge on a person’s ZIP code.</p>
  <p>At rallies across the country, speakers have framed reproductive freedom as a cornerstone of equality. They contend that restricting abortion not only limits healthcare but also curtails opportunities, disproportionately harming women, minorities and economically disadvantaged groups. For them, ensuring nationwide protections is essential to prevent further erosion of rights.</p>
  <p>While the political battle shows no sign of easing, supporters of abortion rights remain clear in their message: reproductive autonomy must be preserved through policies that guarantee safe and legal access for all, regardless of where they live.</p>",abortion,6,Pro-choice
35,"Opinion: Bodily Autonomy is Non-Negotiable, and Abortion Bans are a Form of Coercive Control","<p>The fundamental question at the heart of the abortion debate is not about life, but about power. Who has the authority to govern a person's body? The answer, in a free society, must be the individual themselves. Abortion bans are not about protecting life; they are about enforcing a specific ideology through state-mandated pregnancy.</p>
<p>This is a brutal denial of bodily autonomy. We would never force a person to donate a kidney, even to save a life, because we recognize the inviolable right to self-determination. Yet, laws across the country now demand that women surrender their bodies for nine months, risking their health, their lives, and their futures. This is a profound and chilling double standard.</p>
<p>These restrictions disproportionately harm the most vulnerable: people of color, low-income individuals, and those in abusive relationships. They are a tool of systemic oppression, designed to control reproduction and limit freedom. The rhetoric of ""choice"" is too gentle; this is about liberation from state-sponsored coercion.</p>
<p>To be truly pro-liberty is to support the unconditional right of every person to make their own reproductive decisions. There can be no compromise on this basic principle of human dignity. The right to decide one's own fate is the bedrock of all other rights, and we must defend it without apology.</p>",abortion,6,Pro-choice
36,Strong Advocacy for Reproductive Rights: A Pro-Choice Perspective,"<p>The discourse around abortion is increasingly shaped by voices demanding unwavering support for reproductive freedom. Pro-choice advocates at this level assert that the right to access safe and legal abortion is essential and must be vigorously defended against any attempts to restrict it.</p><p>Limiting abortion access, they argue, disproportionately harms marginalized communities, exacerbating inequalities and infringing on basic human rights. Access to abortion is not merely a medical issue but a matter of social justice, gender equality, and personal dignity. Many emphasize that the choice to continue or end a pregnancy should be unequivocally protected by law and free from political interference.</p><p>This viewpoint also underscores the importance of comprehensive reproductive healthcare, including education and contraception, as vital to reducing unintended pregnancies. However, the core focus remains firmly on preserving accessible abortion services as a critical safeguard for bodily autonomy.</p><p>With recent legal battles highlighting the fragility of established rights, pro-choice advocates are calling on society and lawmakers to recognize that restricting abortion not only endangers health but disregards individual freedom. Protecting reproductive choice is presented as an urgent and non-negotiable commitment to human rights.</p>",abortion,6,Pro-choice
37,The Unassailable Case for Bodily Autonomy,"<p>The right to an abortion is not a matter for political compromise; it is an unassailable aspect of human rights. This position is gaining widespread support as activists and legal scholars increasingly frame the issue as a fundamental question of bodily autonomy and self-determination. The core argument is that no government or external entity has the right to dictate what an individual does with their own body, a principle that underpins all other forms of personal liberty.</p><p>Pro-choice advocates are now pushing back against any form of restriction, arguing that even modest limitations create unacceptable barriers to care and disproportionately affect marginalized communities. The focus has moved from simply defending access to demanding an expansion of reproductive healthcare services, ensuring they are affordable and readily available to everyone. This viewpoint dismisses arguments about the ""morality"" of the issue as a pretext for controlling individuals and denying them their basic rights.</p><p>The current legal and political landscape is seen as a battleground for the very essence of freedom. Organizations like Planned Parenthood and the ACLU are at the forefront of this fight, challenging restrictive laws at every turn and advocating for a future where every person has the right to make their own choices about their body, their family, and their future, without fear of legal or social reprisal. This is not just about healthcare; it is about personal sovereignty.</p>",abortion,6,Pro-choice
38,Reproductive Rights Under Threat,"<p>The ongoing debate over abortion access has sparked widespread concern among advocates for reproductive rights. As policymakers consider new restrictions on abortion services, it is clear that the fundamental right to choose is under threat. Women must have the autonomy to make decisions about their own bodies, health, and futures.</p>
  <p>Research has consistently shown that access to safe and legal abortion services is essential for women's health and well-being. By restricting access to these services, policymakers risk exacerbating health disparities and perpetuating cycles of poverty.</p>
  <p>It is imperative that policymakers prioritize the needs and rights of women, and take concrete steps to protect access to abortion services. The future of reproductive rights depends on it.</p>",abortion,6,Pro-choice
39,Expanding Abortion Rights Seen as Crucial for Equality,"<p>As the debate over abortion continues to polarize the nation, advocates for reproductive rights are intensifying their push for expanded protections. They argue that abortion access is not a privilege to be negotiated but a fundamental right that should be safeguarded in every state, regardless of political shifts.</p>
  <p>Pro-choice supporters highlight the very real consequences of restrictive laws, pointing to women who have been forced to carry pregnancies despite severe health risks or those compelled to travel hundreds of miles to obtain care. These cases are presented as evidence that reproductive rights are being compromised in ways that disproportionately affect the most vulnerable communities, including people of color, low-income families and young individuals with limited resources.</p>
  <p>For advocates, abortion is inseparable from broader questions of equality and justice. They maintain that when people are denied the ability to make choices about their own bodies, they are also denied opportunities for education, employment and financial security. These restrictions, they argue, perpetuate cycles of poverty and inequality, making reproductive freedom a social justice issue as much as a healthcare concern.</p>
  <p>Public opinion surveys consistently indicate that most Americans support legal abortion in many circumstances. Advocates interpret this as a call for policymakers to align laws with the majority view, rather than imposing narrow ideological restrictions. They see federal protections as the only way to ensure that reproductive rights are not eroded by shifting political tides.</p>
  <p>While opponents remain steadfast in seeking further limits, pro-choice voices are becoming more insistent that the nation cannot accept a system where healthcare and rights depend on geography. Their position is clear: reproductive autonomy is central to a free and equitable society, and defending it is no longer optional but imperative.</p>",abortion,7,Pro-choice
40,"Direct Action Groups Vow to ""Nullify"" Abortion Bans Through Civil Disobedience","<p>A network of activist organizations, operating under the banner ""The Janeway Network,"" has publicly declared its intention to render abortion restrictions unenforceable. Their strategy involves a campaign of widespread civil disobedience aimed at protecting patients and providers.</p>
<p>""The laws are illegitimate,"" a spokesperson using the pseudonym ""Maya"" stated in a digitally altered voice during an online press conference. ""They violate basic human rights. Our mission is to create a parallel support system that operates on the principle of moral necessity, not unjust authority.""</p>
<p>The network's tactics include funding travel for those seeking care, establishing encrypted hotlines to vette and connect individuals with providers, and mobilizing volunteers to escort patients past aggressive protesters. ""We will not stand by while our neighbors are forced into childbirth by the state. If the government chooses to criminalize compassion, then we will become compassionate criminals,"" Maya said.</p>
<p>Legal scholars warn that such actions carry severe risks, but participants frame their work as a necessary response to what they call ""reproductive tyranny."" They draw explicit parallels to historical movements that defied unjust laws, arguing that the right to control one's body is a hill worth dying on, and certainly a hill worth getting arrested on. The movement signals a sharp escalation in the fight over reproductive freedom.</p>",abortion,7,Pro-choice
41,Fierce Defense of Abortion Rights Amid Growing Political Challenges,"<p>As political efforts mount to restrict abortion access, pro-choice supporters are intensifying their calls for unwavering protection of reproductive freedoms. Advocates argue that every individual must have the unequivocal right to control their own body, highlighting that abortion is a core aspect of personal liberty and healthcare.</p><p>Opponents of abortion often overlook the profound impact that restrictive laws have on marginalized populations, who face the greatest barriers to safe medical care. The pro-choice position at this strength stresses that denying abortion access is fundamentally unjust and perpetuates cycles of poverty and inequality.</p><p>Supporters emphasize the necessity of legal protections that prevent political interference in private medical decisions, framing access to abortion as non-negotiable. Alongside this, education and contraception initiatives are critical, but they cannot replace the indispensable right to choose.</p><p>This perspective also condemns attempts to stigmatize those seeking abortion services, calling instead for empathy and respect. The battle to uphold reproductive rights is seen as a vital front in a broader struggle for social justice and human dignity.</p>",abortion,7,Pro-choice
42,The Moral Imperative of Reproductive Freedom,"<p>The right to an abortion is not merely a legal or political issue; it is a fundamental moral imperative. The pro-choice movement has evolved into a unified front that rejects any and all attempts to restrict a person's ability to make decisions about their own body and future. The central tenet of this stance is that denying access to abortion is an act of profound injustice, one that violates the most basic principles of human dignity and autonomy.</p><p>Activists and advocates are increasingly vocal in their condemnation of laws that criminalize or otherwise limit abortion access. They argue that these policies are not only medically unsound but also serve to perpetuate systemic inequalities, disproportionately affecting women of color, low-income individuals, and those in rural areas. The focus has sharpened on the hypocrisy of systems that claim to value life while ignoring the living conditions, health, and well-being of those forced to carry unwanted pregnancies to term.</p><p>From a human rights perspective, the right to choose is seen as non-negotiable. Organizations around the world, from the United Nations to grassroots community groups, are increasingly recognizing that reproductive freedom is a prerequisite for achieving gender equality and social justice. This stance asserts that every person has the inherent right to control their own destiny, and that this right begins with the power to decide when and if to become a parent.</p>",abortion,7,Pro-choice
43,Defending Reproductive Freedom,"<p>The fight for reproductive rights is a fundamental aspect of the struggle for women's equality and autonomy. As policymakers continue to erode access to abortion services, it is clear that the stakes are high. Women must have the freedom to make decisions about their own bodies, health, and futures without interference from the government.</p>
  <p>By restricting access to abortion services, policymakers are not only undermining women's health and well-being but also perpetuating a culture of patriarchal control. It is time for policymakers to recognize the inherent dignity and autonomy of women and to prioritize their needs and rights.</p>
  <p>The future of reproductive freedom depends on our ability to mobilize and demand action from our elected officials. We must stand together to defend the right to choose and to ensure that women have the freedom to make decisions about their own lives.</p>",abortion,7,Pro-choice
44,Abortion Rights Advocates Demand Nationwide Guarantee of Access,"<p>Across the United States, abortion rights advocates are raising their voices with growing urgency, insisting that reproductive freedom must be treated as a non-negotiable right. The fragmented legal landscape, where access depends heavily on state borders, has become for many a symbol of systemic inequality that threatens the health and dignity of millions.</p>
  <p>Pro-choice groups argue that abortion access should not be subject to shifting political majorities or court rulings. Instead, they call for legislation that enshrines reproductive autonomy as a federally protected right. They contend that anything less leaves too many at risk of being denied essential medical care, particularly in regions where restrictive laws force patients to travel long distances or resort to unsafe alternatives.</p>
  <p>Healthcare providers describe a climate of fear and confusion, where doctors must weigh medical judgment against potential legal consequences. Advocates argue that this climate endangers lives and undermines the trust between patients and providers. They maintain that reproductive healthcare, including abortion, must be free from political interference and guided solely by medical expertise and personal choice.</p>
  <p>At rallies in major cities, speakers have framed the issue as inseparable from the fight for gender equality, emphasizing that without control over reproductive decisions, women and marginalized communities cannot achieve true freedom. The message is resonating with younger generations, many of whom view abortion rights as a litmus test for broader commitments to human rights and justice.</p>
  <p>With court battles and state-level restrictions mounting, advocates believe the moment calls for bold action. For them, protecting abortion is about more than healthcare—it is about preserving autonomy, equality and the foundational right to make decisions about one’s own body.</p>",abortion,8,Pro-choice
45,Forced Birth is Barbarism: The Urgent Case for Abortion on Demand and Without Apology,"<p>Let us strip away the euphemisms. Laws banning abortion are nothing less than state-sanctioned forced birth. They are a grotesque violation of human rights that reduce women and pregnant people to incubators, their lives and dreams subordinate to the potential of a fetus. This is not a ""difference of opinion""; it is the foundation of a theocratic patriarchy.</p>
<p>The notion that a cluster of cells has more rights than a living, breathing, conscious human being is a dangerous absurdity. It is an ideology that celebrates suffering as a virtue, punishing those who dare to prioritize their health, their families, and their futures. Every story of a woman forced to carry a non-viable pregnancy, or a rape victim re-traumatized by the state, is a testament to the sheer cruelty of these policies.</p>
<p>Compromise is a fantasy. You cannot compromise with those who believe you do not deserve sovereignty over your own body. The only moral position is to demand abortion on demand, without restrictions, without waiting periods, and without apology. It is a fundamental healthcare service that must be available, affordable, and destigmatized.</p>
<p>The fight for reproductive justice is a fight against a rising tide of authoritarianism. To secure abortion access is to declare that we will not go back. We will not surrender our bodies or our freedoms. The future must be one of total emancipation, not conditional liberty based on the whims of politicians.</p>",abortion,8,Pro-choice
46,Unyielding Support for Abortion Rights in the Face of Ongoing Attacks,"<p>With abortion rights increasingly under siege, pro-choice advocates are resolute in their commitment to defending reproductive freedom as an inviolable human right. For many, the issue transcends politics and morality—it is a fundamental question of bodily autonomy and personal sovereignty.</p><p>The growing tide of restrictive legislation disproportionately threatens those with the least resources, compounding existing social and economic disparities. Pro-choice voices emphasize that denying access to safe abortion care is a form of systemic injustice that forces individuals into dangerous and life-altering situations.</p><p>Advocacy at this level demands not only the preservation of legal abortion but also the dismantling of barriers such as stigma, misinformation, and inadequate healthcare infrastructure. Education and contraceptive access are vital but insufficient without the guarantee of choice as a legal and practiced right.</p><p>This fierce stance rejects any compromise that limits dignity and freedom. It insists that society must confront uncomfortable truths and prioritize compassion and equity. Protecting abortion rights is framed as essential to safeguarding democratic values and human rights on a profound level.</p>",abortion,8,Pro-choice
47,The Unyielding Demand for Absolute Reproductive Liberty,"<p>The push for full and unfettered access to abortion has reached a new level of intensity, with pro-choice advocates framing the issue not as a debate but as a battle for basic human dignity. This uncompromising stance views any form of governmental or legal restriction on abortion as an oppressive and unjust violation of a person's fundamental rights. The central thesis is that bodily autonomy is absolute and must be protected without exception or qualification.</p><p>This perspective dismisses any arguments for regulation, mandatory waiting periods, or parental consent laws as thinly veiled attempts to control individuals, especially women and gender minorities. The argument is that such policies are designed to create obstacles to care, not to protect life, and are rooted in patriarchal and religious beliefs that have no place in secular law. The focus is on a complete dismantling of all barriers to abortion access, ensuring that it is available on demand for anyone who seeks it, regardless of their circumstances.</p><p>For many, this is the civil rights issue of our time. It is a demand for a society that trusts individuals to make their own choices, respects their personal sovereignty, and provides them with the healthcare they need to live free and full lives. The movement is now firmly focused on a future where abortion is treated like any other medical procedure, free from stigma, judgment, and political interference.</p>",abortion,8,Pro-choice
48,Reproductive Autonomy: A Non-Negotiable Right,"<p>The debate over abortion access is not just about politics; it's about the fundamental human right to bodily autonomy. Women must have the freedom to make decisions about their own bodies, health, and futures without fear of judgment, retribution, or coercion. Any attempt to restrict access to abortion services is a direct threat to this right.</p>
  <p>Those who seek to limit abortion access often claim to be motivated by a desire to protect human life. However, this argument ignores the complex realities of women's lives and the need for safe and accessible reproductive healthcare. By prioritizing the needs and rights of women, we can build a more just and equitable society.</p>
  <p>It is imperative that we defend reproductive autonomy and ensure that women have access to the healthcare they need. This is not just a matter of personal freedom; it's a matter of human rights.</p>",abortion,8,Pro-choice
49,Reproductive Freedom Urged as Fundamental Human Right,"<p>Abortion rights advocates are amplifying their demand for sweeping federal protections, declaring reproductive freedom a cornerstone of democracy and equality. For them, the escalating wave of state-level bans and restrictions is not only a political battle but a direct assault on human rights and personal autonomy.</p>
  <p>Pro-choice supporters argue that no individual should face government intrusion when making decisions about their own body. They warn that restrictive laws force people into dangerous situations, whether by delaying critical medical care or pushing them toward unsafe alternatives. These policies, advocates contend, do not protect life but instead place countless lives at risk while deepening systemic inequality.</p>
  <p>Doctors and nurses on the front lines echo these concerns, describing harrowing cases where patients are denied essential care due to legal threats. Advocates insist this environment is untenable, eroding trust in healthcare and stripping people of their dignity. They argue that the government’s role should be to safeguard health and rights, not dictate intimate medical choices.</p>
  <p>Activists are calling for a nationwide guarantee that abortion remains safe, legal and accessible to all, regardless of geography or income. They see reproductive choice as inseparable from gender equality, asserting that without it, progress toward social justice and economic opportunity will remain incomplete. The urgency is particularly pronounced among young people, who view reproductive autonomy as a defining issue of their generation.</p>
  <p>With momentum building in protests, courtrooms and legislatures, pro-choice leaders say compromise is no longer an option. In their view, abortion rights must be permanently secured at the federal level to ensure that autonomy, equality and freedom remain more than ideals—they remain lived realities for all.</p>",abortion,9,Pro-choice
50,The State of Reproductive Freedom: A Call for Systemic Disruption and Unyielding Resistance,"<p>The current regime of abortion restrictions constitutes a gender-based crime against humanity. It is a systematic project of subjugation, designed to strip half the population of their fundamental personhood. To speak of ""debate"" or ""dialogue"" with the architects of this oppression is to lend legitimacy to a fundamentally illegitimate power structure.</p>
<p>We are beyond persuasion. The time for petitions and polite rallies is over. The machinery of forced birth must be confronted and dismantled through relentless, uncompromising resistance. Every clinic blockade by anti-choice extremists must be met with a larger, more determined counter-action. Every politician who votes for these barbaric laws must be hounded from public life. The economic and social systems that enable this tyranny must be identified and disrupted.</p>
<p>Reproductive freedom is the linchpin of all liberation. Without it, there can be no equality, no economic justice, no true democracy. The fight for abortion access is inextricably linked to the fights against racism, capitalism, and all forms of bigotry. It is the front line in the war for a free society.</p>
<p>There can be no peace, no normalcy, until every barrier to abortion care is obliterated. We will not rest until the right to terminate a pregnancy is recognized as an absolute, inviolable principle, secured not just in law but in practice for every single person, regardless of circumstance. This is a fight for the very soul of our future.</p>",abortion,9,Pro-choice
51,A Resolute Stand for Abortion Rights: Defending Autonomy and Justice,"<p>As attacks on abortion rights intensify, pro-choice advocates are unwavering in their defense of reproductive autonomy as an absolute human right. They argue that no one should suffer the loss of control over their own body, a principle central to freedom and dignity.</p><p>The erosion of abortion access threatens to deepen systemic inequities, forcing countless individuals, especially those in marginalized communities, into perilous and unjust circumstances. The pro-choice stance at this strength condemns any attempts to criminalize or restrict abortion, viewing such measures as violations of fundamental justice.</p><p>Supporters here call for a comprehensive approach that not only guarantees legal abortion but actively works to eliminate stigma, misinformation, and structural barriers. They emphasize that contraception and education, while vital, cannot substitute the essential right to safe abortion services.</p><p>This perspective demands robust legal protections and societal recognition that reproductive choice is foundational to equality and human rights. The path forward requires courage, solidarity, and relentless advocacy to secure these freedoms for all.</p>",abortion,9,Pro-choice
52,"Abortion Is a Human Right, Not a Debate","<p>The very notion that abortion is a subject open for debate is an insult to personal liberty and a rejection of fundamental human rights. The pro-choice position is not just a political stance; it is the only morally defensible position. It is rooted in the incontrovertible principle that every individual has absolute sovereignty over their own body, and any attempt to deny this is an act of tyranny.</p><p>This uncompromising view holds that the government, religious institutions, and other external forces have no place in a person's private medical decisions. It views laws that restrict abortion as an egregious form of state-sanctioned violence against individuals, forcing them into situations that can have devastating consequences for their health, safety, and well-being. The focus is not on compromise, but on the total dismantling of all legal and social barriers to abortion access.</p><p>The argument is clear: abortion is a necessary and safe medical procedure, and access to it must be guaranteed without delay, obstacle, or judgment. This radical pro-choice stance is a direct and forceful rejection of all justifications for limiting reproductive freedom. It recognizes that reproductive autonomy is not a privilege to be granted or a concession to be won, but an inherent and inalienable right that must be defended at all costs. The fight is for a future where every person can exercise their right to self-determination without fear.</p>",abortion,9,Pro-choice
53,Unapologetic Support for Reproductive Rights,"<p>The fight for reproductive freedom is a fight for human dignity. Women must have the autonomy to make decisions about their own bodies, free from the shackles of patriarchal control and oppressive legislation. The right to choose is not just a privilege; it's a fundamental aspect of being a woman.</p>
  <p>Those who seek to restrict access to abortion services are not protecting human life; they're perpetuating a culture of shame, stigma, and silence. By demanding reproductive freedom, we're demanding a world where women can live without fear of judgment or retribution.</p>
  <p>We must stand unwavering in our support for reproductive rights, unapologetic in our commitment to women's autonomy, and unrelenting in our pursuit of justice. The future of women's liberation depends on it.</p>",abortion,9,Pro-choice
54,Abortion Rights Declared Non-Negotiable by Advocates Nationwide,"<p>Pro-choice advocates across the country are intensifying their message: abortion is not a privilege, a political bargaining chip or a regional policy choice—it is a fundamental human right that must be guaranteed everywhere. They argue that anything less than universal access amounts to systemic oppression, stripping individuals of control over their own bodies and futures.</p>
  <p>Supporters of reproductive freedom insist that the state has no place in dictating personal medical decisions. They contend that abortion is healthcare, plain and simple, and that denying it perpetuates harm, inequality and injustice. For them, the idea that someone’s rights can be erased by a change in government or a state border is not only intolerable but incompatible with democratic values.</p>
  <p>Healthcare professionals describe a worsening crisis, where restrictive laws force them into impossible choices between their medical oath and legal threats. Advocates argue that this system endangers patients’ lives and erodes the very foundations of medical ethics. They demand federal protections that remove politics from the exam room and center the voices of those directly affected.</p>
  <p>Rallies nationwide have adopted a strikingly uncompromising tone, declaring that reproductive freedom is inseparable from equality, justice and freedom itself. Activists stress that abortion bans disproportionately harm marginalized communities, locking many into cycles of poverty and denying them opportunities to live with dignity and autonomy.</p>
  <p>For the growing movement, the message is clear: abortion rights are absolute and must be permanently safeguarded at the national level. Anything less, they argue, is a betrayal of human rights and a failure to uphold the promise of freedom for all.</p>",abortion,10,Pro-choice
55,Manifesto for Liberation: The Right to Abortion is the Right to Exist,"<p>Let there be no ambiguity. The forced gestation of human life is an act of biological slavery. It is the ultimate colonization, the seizure of the internal landscape, the conversion of a person into a resource. To deny abortion is to assert that a woman's purpose is defined by her reproductive capacity, that her autonomy is negotiable, that her life is worth less than a potential one. This is not a political stance; it is a declaration of war on half the human race.</p>
<p>We reject the very framework of the oppressor's debate. There is no ""other side."" There is only the demand for absolute sovereignty over our bodies. Any law, any institution, any individual that stands in the way of this sovereignty is an enemy of freedom and must be treated as such. The clinics are battlegrounds. The courts are instruments of tyranny. The state is the enemy.</p>
<p>Our response must be total. We will not comply. We will not negotiate. We will abolish the entire apparatus of reproductive control. We will build our own systems of care, defend our providers with unwavering force, and liberate every individual trapped by these sadistic laws. The right to abortion is the foundational right from which all others flow. Without it, we are not citizens; we are property.</p>
<p>The future we fight for is one where the question of abortion is answered with a simple, unassailable truth: my body is mine. This is the final line. We will cross it, or we will die on it. There is no retreat.</p>",abortion,10,Pro-choice
56,Absolute Defense of Abortion Rights: A Non-Negotiable Commitment to Freedom,"<p>In the face of relentless opposition and severe legal restrictions, pro-choice advocates stand with unshakable resolve to defend abortion rights as a fundamental and non-negotiable human liberty. This position holds that any infringement on a person’s right to choose is a blatant violation of bodily autonomy, justice, and human dignity.</p><p>The battle for reproductive freedom goes beyond politics; it is a fight against systemic oppression and control, especially affecting marginalized and vulnerable populations. Denying access to safe abortion is not only cruel but an affront to basic human rights, thrusting people into dangerous, life-altering situations without agency or support.</p><p>At this highest level of commitment, the pro-choice movement calls for radical reforms that dismantle all barriers—legal, social, and economic—to abortion access. Education and contraception, while critical, are insufficient substitutes for unrestricted choice. Advocates demand comprehensive protection of abortion rights, free from political interference or societal stigma.</p><p>This staunch defense insists on immediate, unequivocal action to secure safe, legal, and accessible abortion as a core element of human freedom. It is a call to resist all forces undermining reproductive justice and to affirm the inalienable rights of every individual to shape their own destiny.</p>",abortion,10,Pro-choice
58,Reproductive Justice: The Non-Negotiable Right to an Abortion,"<p>The very idea of a ""debate"" over abortion is a fallacy created to obscure the core issue: the non-negotiable right to bodily autonomy. The radical pro-choice position asserts that abortion is a fundamental human right, not a subject for political compromise or moral negotiation. This stance is rooted in a fierce commitment to reproductive justice, which recognizes that access to abortion is intrinsically linked to racial, social, and economic equality.</p><p>From this perspective, any law that restricts abortion is not only unjust but also a form of systemic oppression. It is seen as a direct attack on the most vulnerable members of society, particularly women of color and low-income individuals who bear the brunt of such policies. The argument is that forcing someone to carry an unwanted pregnancy to term is a violation of their basic human rights, a form of forced servitude that denies them the ability to control their own lives and futures.</p><p>This is not a call for a moderate solution but a demand for absolute liberation. It calls for the complete decriminalization of abortion and the removal of all barriers to access, including financial and geographical ones. This stance views the fight for abortion rights as a revolutionary act, a refusal to be controlled by patriarchal norms and oppressive legal frameworks. The goal is a world where every person has the power to decide their own reproductive destiny, free from coercion, stigma, or political interference.</p>",abortion,10,Pro-choice
59,Revolutionizing Reproductive Rights,"<p>The time for compromise is over. The time for incremental change is behind us. Women deserve nothing less than complete autonomy over their own bodies, and that means unrestricted access to abortion services. Anything less is a betrayal of our fundamental human rights.</p>
  <p>We reject the notion that our bodies are public property, subject to the whims of patriarchal politicians and outdated laws. We demand a world where women can make decisions about their own lives, free from fear, judgment, or coercion.</p>
  <p>The future of reproductive freedom is not just about access to abortion services; it's about dismantling the systems of oppression that seek to control our bodies. We will not be silenced. We will not be shamed. We will fight for our rights, and we will win.</p>",abortion,10,Pro-choice
60,Nation Continues to Debate Complex Questions Around Abortion,"<p>The ongoing debate over abortion in the United States remains one of the most complex and emotionally charged issues in public life. Advocates from both sides continue to shape policy discussions, court decisions and public opinion, underscoring the deeply personal and ethical dimensions of the topic.</p>
  <p>Pro-life groups argue that society has a responsibility to protect the unborn and promote alternatives that support both parent and child. They often emphasize the value of life at all stages and advocate for resources such as adoption services, parental support programs and comprehensive prenatal care. While their focus remains on protecting potential life, many within the movement also call for broader social safety nets to help women facing unplanned pregnancies.</p>
  <p>At the same time, the conversation around abortion is evolving. Legislators continue to weigh competing priorities, with some states tightening restrictions and others expanding access. Medical professionals and ethicists also contribute to the dialogue, exploring how advances in healthcare and science influence the understanding of fetal development and maternal health.</p>
  <p>Despite deep divisions, there is a growing recognition of the need for nuanced policies that address the diverse circumstances people face. Pro-life voices stress that their approach is not solely about prohibition but about creating conditions where choosing life is supported and possible. Many believe that meaningful progress will require dialogue that respects differing perspectives while seeking shared values of compassion and dignity.</p>
  <p>As national conversations continue, it is clear that abortion remains more than a legal issue. It is a question that touches on morality, healthcare, human rights and the kind of society Americans aspire to build.</p>",abortion,1,Pro-life
61,State Legislatures Grapple with Complexities of Abortion Law,"<p>Following recent shifts in the national legal landscape, state lawmakers across the country are undertaking a careful review of statutes pertaining to pregnancy termination. The process involves balancing a range of ethical, legal, and medical considerations.</p>
<p>Legal scholars like Professor David Chen of the Franklin Law Institute note the challenge of crafting legislation that addresses diverse viewpoints. ""The law must operate within a framework that acknowledges deeply held beliefs on all sides of this issue,"" Professor Chen stated. ""The primary objective is to create clear, consistent, and legally sound policies that can withstand judicial scrutiny.""</p>
<p>Meanwhile, medical associations have emphasized the importance of clarity for healthcare providers. ""Physicians require unambiguous guidelines to practice medicine effectively and within the bounds of the law,"" said a spokesperson for the State Medical Board. ""Our focus is on ensuring that patient care remains safe and that medical professionals understand their obligations.""</p>
<p>This legislative activity highlights the ongoing societal conversation about the intersection of personal beliefs, medical practice, and government regulation. The outcomes of these deliberations will likely have significant implications for healthcare policy and legal precedent for years to come.</p>",abortion,1,Pro-life
62,A Gentle Reflection on Life and Choice in the Abortion Debate,"<p>Abortion remains a deeply personal and complex issue, with many voices advocating for the protection of unborn life. Those who identify with the pro-life perspective emphasize the value of every human life from conception onward, encouraging thoughtful discussion about the moral and ethical considerations involved.</p><p>At this neutral level of engagement, the pro-life viewpoint seeks to promote understanding and respect for differing opinions, focusing on education and support for expecting parents. Advocates often encourage resources that help individuals explore alternatives to abortion, including counseling and community assistance.</p><p>The conversation benefits when all perspectives are heard in a respectful manner, allowing society to consider the diverse factors that influence such decisions. Many believe that providing comprehensive care and support systems plays a vital role in helping people navigate this challenging reality.</p><p>As the discussion continues, the emphasis remains on empathy, dialogue, and finding common ground that respects both the sanctity of life and the complexities faced by individuals.</p>",abortion,1,Pro-life
63,The Complex Landscape of Abortion Laws and Perspectives,"<p>The ongoing national conversation around abortion legislation has brought to light a variety of deeply held beliefs and values. Lawmakers and citizens alike are engaging in a complex dialogue about the moral, ethical, and legal dimensions of the issue. This discussion is not monolithic, with a wide spectrum of views existing on both sides of the aisle.</p><p>Those who identify as pro-life often approach the issue from a perspective that prioritizes the protection of unborn life. Their arguments are frequently based on the belief that life begins at conception and therefore holds an inherent right to legal protection. This stance is often supported by moral, philosophical, or religious convictions about the sanctity of life. Proponents of this view may advocate for policies that limit abortion access and instead promote alternatives such as adoption and support for mothers and families.</p><p>Conversely, those who support abortion access emphasize bodily autonomy and the individual's right to make personal health decisions. The debate itself highlights a fundamental tension between these two core principles. As legal challenges and legislative proposals continue to emerge, the public discourse remains focused on finding a balance that respects a wide range of deeply personal beliefs.</p>",abortion,1,Pro-life
64,The Complexity of Abortion,"<p>The debate surrounding abortion is multifaceted, with various perspectives and opinions. While some argue that a woman has the right to make choices about her own body, others express concerns about the well-being and rights of the unborn.</p>
  <p>According to Dr. Jane Smith, a healthcare expert, ""the decision to have an abortion can be a complex and personal one, influenced by a range of factors."" As the conversation around abortion continues to evolve, it is essential to approach the topic with sensitivity and nuance.</p>
  <p>By engaging in respectful and open-minded dialogue, we can work towards finding common ground and developing solutions that prioritize the well-being of all individuals involved.</p>",abortion,1,Pro-life
65,Pro-Life Advocates Push for a Broader Conversation on Abortion,"<p>The national conversation around abortion is evolving once again, as lawmakers, advocacy groups and medical professionals debate how best to balance individual rights with ethical concerns about the protection of unborn life. While the issue remains divisive, voices within the pro-life movement are calling for a more holistic approach that prioritizes compassion, support and alternatives to abortion.</p>
  <p>Pro-life advocates argue that society has a moral responsibility to protect the most vulnerable, including those who cannot speak for themselves. They contend that every developing life holds inherent value and deserves the chance to grow and thrive. At the same time, many within the movement emphasize that their stance is not solely about opposing abortion, but about building systems that make choosing life a realistic and supported decision.</p>
  <p>Programs that expand access to prenatal care, financial assistance for expectant parents and improved adoption services are among the measures that pro-life organizations champion. They believe such initiatives can reduce the number of abortions by addressing many of the socioeconomic pressures that lead people to consider the procedure in the first place. Medical professionals have also weighed in, noting that advances in fetal medicine and neonatal care are reshaping understandings of viability and development.</p>
  <p>Despite passionate differences, some observers see a growing willingness to engage in dialogue across ideological lines. Pro-life advocates hope this will lead to policies that not only reflect the value of unborn life but also address the broader needs of women and families. For them, the debate is not about judgment, but about creating conditions where both mother and child are supported and valued from the very beginning of life.</p>",abortion,2,Pro-life
66,Community Groups Highlight Importance of Supporting Mothers and Children,"<p>In communities nationwide, a growing network of organizations is focusing on providing resources for women facing challenging pregnancies. Their mission is to ensure that no woman feels abortion is her only option due to a lack of support.</p>
<p>""We believe in walking alongside mothers, offering practical help so they can choose life for their babies,"" said Sarah Jenkins, director of the Bright Future Foundation, which provides housing, childcare assistance, and career counseling. ""It's about showing there is a community ready to help, from pregnancy through parenthood.""</p>
<p>These groups often partner with pregnancy resource centers that offer free ultrasounds and counseling. ""When a woman sees her baby on the screen and understands the resources available to her, she often feels empowered to continue the pregnancy,"" noted Dr. Michael Roberts, a volunteer obstetrician. He emphasizes that the goal is compassionate care that acknowledges the humanity of the unborn child while fully supporting the mother.</p>
<p>Advocates for this approach suggest that strengthening the social safety net for families is a constructive path forward. They argue that a society that truly values life will create conditions where every pregnancy can be welcomed with hope and adequate support, reducing the perceived need for abortion.</p>",abortion,2,Pro-life
67,Encouraging Dialogue Around Life and Support in the Abortion Discussion,"<p>The abortion debate continues to elicit diverse perspectives, with the pro-life stance advocating for the protection of unborn life while encouraging compassionate support for individuals facing difficult decisions. At this modest level of advocacy, there is a focus on promoting respectful dialogue and understanding the complexities involved.</p><p>Pro-life supporters emphasize the importance of fostering resources that assist expecting parents, including counseling, healthcare, and community programs designed to provide practical and emotional help. These efforts aim to offer alternatives that respect both the potential for life and the realities faced by individuals.</p><p>This approach highlights the value of education and support services as a way to reduce the incidence of abortion through compassionate means rather than confrontation. By fostering open conversations, communities can work towards solutions that honor differing views without deepening divides.</p><p>Ultimately, the hope is to encourage a society that values every life while providing meaningful assistance and understanding to those navigating challenging circumstances. Such a balanced perspective aims to bring people together in pursuit of shared values and mutual respect.</p>",abortion,2,Pro-life
68,A National Conversation on Protecting Unborn Life,"<p>The ongoing legal and social debate over abortion has placed a renewed focus on the question of when life begins and how it should be protected. While opinions vary widely, a significant portion of the population is united in the belief that an unborn fetus has a right to life that should be legally recognized and protected. This perspective is shaping legislative efforts across the country.</p><p>Proponents of this pro-life view often cite scientific evidence regarding fetal development, pointing to milestones like a heartbeat or brain activity as markers of a living being. They argue that once a new human life has been created, it deserves the same legal protections as any other person. This belief is not solely based on religious doctrine but also on philosophical and ethical considerations about human dignity. Many within this movement also focus on providing support for pregnant women, advocating for policies that make it easier to choose alternatives to abortion, such as adoption or increased parental leave.</p><p>This position often stands in contrast to arguments for bodily autonomy, highlighting a core tension in the public discourse. The conversation is less about an outright ban and more about creating a society that values all life and provides the necessary resources to support those who choose to carry their pregnancies to term.</p>",abortion,2,Pro-life
69,The Value of Human Life,"<p>As the nation grapples with the complexities of abortion, many are beginning to recognize the inherent value of human life. While there are varying perspectives on the issue, some believe that every life, regardless of its stage, has worth and deserves protection.</p>
  <p>According to recent studies, advancements in medical technology have significantly improved our understanding of fetal development, highlighting the importance of considering the well-being of the unborn. By acknowledging the value of human life, we can work towards creating a society that supports and empowers individuals to make informed choices.</p>
  <p>As we move forward, it is essential to approach this issue with compassion and empathy, recognizing the complexities and challenges that surround it. By doing so, we can foster a more nuanced and thoughtful discussion about the value of human life.</p>",abortion,2,Pro-life
70,Pro-Life Movement Seeks Policies That Protect Both Mother and Child,"<p>As abortion remains a central issue in American politics and culture, pro-life advocates are working to shape policies that emphasize the value of every human life while also addressing the challenges faced by women with unplanned pregnancies. The movement, though deeply rooted in the belief that life begins at conception, increasingly frames its approach as one of support and compassion rather than division.</p>
  <p>Pro-life organizations argue that society must do more to protect the unborn and ensure that expectant mothers have the resources they need to carry pregnancies to term. They highlight the development of fetal life from the earliest stages as evidence of its humanity and stress the importance of protecting that life through legal and social measures. At the same time, many advocates are focusing on policies that expand childcare, parental leave, healthcare access and adoption services to reduce the pressures that lead individuals to consider abortion.</p>
  <p>Across the country, state legislatures are grappling with how to regulate abortion, often reflecting deeply held beliefs about morality, autonomy and human rights. Pro-life lawmakers continue to push for limits on later-term procedures and increased funding for pregnancy support programs, arguing that these policies save lives while respecting the needs of women.</p>
  <p>Critics of abortion contend that a just society must prioritize the protection of its most vulnerable members, including the unborn. While recognizing that pregnancy can be complex and deeply personal, they argue that the solution lies in expanding support systems rather than ending a developing life. As the debate evolves, the pro-life movement hopes to shift the national conversation toward one that champions both maternal well-being and the sanctity of life.</p>",abortion,3,Pro-life
71,Bioethicists Advocate for Greater Consideration of Unborn Life in Public Policy,"<p>A panel of bioethicists at a recent university symposium argued that modern science should inform a more robust ethical framework regarding the unborn. They presented evidence of fetal development, suggesting that the distinction between a ""fetus"" and a ""baby"" is increasingly blurred by medical advancements.</p>
<p>""With today's technology, we can observe a heartbeat at an early stage, witness responses to stimuli, and perform life-saving surgeries in utero,"" explained Dr. Lena Petrova, a professor of bioethics. ""This scientific reality challenges us to expand our moral consideration. The question of when life begins is not merely philosophical; it is increasingly answerable by biology.""</p>
<p>The panel did not advocate for specific legislation but urged policymakers to integrate these scientific understandings into the broader discussion about abortion limits. They proposed that a society's values are reflected in its protections for the most vulnerable, including those not yet born.</p>
<p>""A civilized society seeks to balance competing rights,"" Dr. Petrova concluded. ""But that balance must be informed by an honest appraisal of the biological facts. Dismissing the humanity of the unborn is becoming a position that is difficult to reconcile with contemporary science.""</p>",abortion,3,Pro-life
72,Promoting Life and Compassion in the Abortion Debate,"<p>The discussion surrounding abortion remains a sensitive topic, with pro-life advocates emphasizing the importance of protecting unborn life while encouraging compassionate approaches for those facing difficult choices. At this moderate level of support, proponents focus on balancing respect for life with practical support for individuals.</p><p>Supporters of the pro-life stance highlight the necessity of providing comprehensive resources for pregnant individuals, including access to counseling, healthcare, and community programs that assist with parenting or alternatives to abortion. These efforts aim to create an environment where life is valued and supported from conception.</p><p>The approach also calls for increased public education about alternatives to abortion and the promotion of adoption as a positive option. Pro-life advocates believe that with adequate support systems, many would choose to carry pregnancies to term, reducing the number of abortions without coercion or legal imposition.</p><p>This perspective encourages respectful dialogue that acknowledges the complexities surrounding reproductive decisions while emphasizing the intrinsic value of every human life. It seeks common ground by advocating for policies and programs that support both the unborn and those who carry them.</p>",abortion,3,Pro-life
73,The Growing Push to Protect the Unborn,"<p>The movement to restrict abortion access is gaining traction, driven by a principled commitment to protecting human life from its earliest stages. This perspective is not merely a political position but a deeply held belief that a fetus is a human being with a right to life. As states consider new laws, the focus has shifted towards recognizing and defending the unborn as a protected class.</p><p>Pro-life advocates assert that scientific and medical advancements increasingly reveal the humanity of the unborn, pointing to a fetus's ability to feel pain and react to stimuli. They argue that these biological facts underscore the moral imperative to protect developing life. Their efforts are often coupled with a strong emphasis on compassionate alternatives, such as expanding adoption services, offering financial and social support to new parents, and promoting educational programs about fetal development. The goal is to build a culture that values and supports all life, from conception onward.</p><p>This position often challenges the legal framework that permits abortion, calling for a re-evaluation of current laws in light of new scientific and ethical considerations. The conversation is framed around the idea that a truly just society must protect its most vulnerable members, and in this view, the unborn are at the top of that list.</p>",abortion,3,Pro-life
74,Protecting the Most Vulnerable,"<p>The debate over abortion has long been a contentious issue, with proponents on both sides passionately advocating for their position. However, for many, the question of whether or not to end a pregnancy is not just a matter of personal choice, but also a moral and ethical issue.</p>
  <p>Some argue that the unborn deserve protection and that abortion can have lasting emotional and psychological effects on women. By providing support and resources for women facing unplanned pregnancies, we can work towards reducing the number of abortions and promoting a culture of life.</p>
  <p>As we consider the future of abortion policy, it is essential to prioritize the well-being and safety of both women and the unborn. By doing so, we can build a more compassionate and supportive society that values human life.</p>",abortion,3,Pro-life
75,Pro-Life Advocates Call for Stronger Protections for the Unborn,"<p>With abortion laws shifting rapidly across the United States, pro-life advocates are intensifying efforts to ensure that legal protections for unborn children are strengthened at both the state and federal levels. While the issue remains deeply polarizing, those within the movement argue that society has an ethical duty to defend life from its earliest moments and provide comprehensive support for expectant mothers.</p>
  <p>Pro-life organizations point to scientific advances in fetal development, which reveal complex human characteristics early in pregnancy, as evidence that abortion ends a distinct and valuable human life. They believe that such realities must guide legislation and public policy. Advocates also stress that their movement is not solely about legal restrictions but about cultivating a culture that values life and supports women through pregnancy, childbirth and beyond.</p>
  <p>Efforts to achieve this include calls for expanded parental leave, accessible prenatal care and better funding for adoption services. Leaders in the movement argue that when these supports are in place, women are more empowered to choose life. They see this dual approach—protection combined with compassion—as essential to creating meaningful change.</p>
  <p>In many states, lawmakers are introducing measures that limit abortion after certain stages of development or require additional counseling before procedures. Supporters argue that these policies reflect growing public recognition of the moral complexity surrounding abortion and a societal interest in protecting vulnerable life. Critics disagree, saying such laws infringe on personal autonomy, but pro-life advocates counter that the right to life must come before any other consideration.</p>
  <p>As the debate continues, the movement’s message remains consistent: protecting unborn children is a moral imperative, and policies should reflect a commitment to both their rights and the well-being of their mothers.</p>",abortion,4,Pro-life
76,"Lawmakers Push for Legislation Recognizing Fetal Pain, Seeking Earlier Abortion Limits","<p>A coalition of state legislators has introduced a bill, the ""Pain-Capable Unborn Child Protection Act,"" which would prohibit abortions after 15 weeks gestation based on the premise that an unborn child can feel pain. The proposal has ignited a fresh debate over the scientific and ethical dimensions of abortion.</p>
<p>""The evidence is mounting that these babies experience excruciating pain during abortion procedures,"" said Senator John Harris, the bill's lead sponsor. ""As a society that claims to protect the vulnerable, we have a moral duty to extend that protection to these children. This is not about restricting women; it is about preventing cruelty.""</p>
<p>The bill cites neurological research indicating the development of pain receptors and neural pathways in the second trimester. Supporters argue that if the law recognizes animal cruelty as a serious offense, it should logically extend similar protections to developing human life.</p>
<p>Opponents of the bill dispute the scientific consensus on fetal pain and argue that such laws endanger women's health. However, proponents remain steadfast. ""This is a common-sense, compassionate measure,"" Harris stated. ""It draws a line that respects both the complexity of pregnancy and the fundamental right to life of a child who can feel pain. We must err on the side of protecting the innocent.""</p>",abortion,4,Pro-life
77,Drawing a Clear Line: The Importance of Protecting Unborn Life,"<p>The abortion debate continues to be a defining issue in the discussion of ethics and human rights. Pro-life advocates at this level stress the fundamental value of protecting unborn life, believing that each life begins at conception and deserves legal and moral safeguarding.</p><p>Supporters argue that society has an obligation to defend the most vulnerable, advocating for policies that limit abortion access while increasing support for pregnant individuals through healthcare, counseling, and community resources. They emphasize that life is sacred and should be protected with clear guidelines.</p><p>Education plays a crucial role, as awareness about fetal development and alternatives to abortion can foster deeper appreciation for the unborn. Pro-life voices also promote adoption as a life-affirming choice, offering hope and solutions for those who may feel they have limited options.</p><p>This stance encourages respectful yet firm conversation, urging lawmakers and communities to prioritize the rights of the unborn while addressing the needs of families. It reflects a commitment to preserve life as a core societal value and calls for thoughtful legislation that reflects this belief.</p>",abortion,4,Pro-life
78,The Moral Foundation of the Pro-Life Movement,"<p>The pro-life movement is gaining significant momentum, driven by the core belief that life is sacred from conception and deserves full legal protection. This stance is not merely a political position, but a moral and ethical conviction that is shaping both public opinion and legislative action across the nation. The argument is that the unborn are a distinct class of human beings who are currently denied the most basic of rights: the right to life itself.</p><p>Advocates for this position often highlight stories of fetal development and survival at increasingly earlier stages, arguing that this biological reality should supersede legal precedent. They contend that the fetus is not simply a part of the mother's body but a separate and unique individual with its own DNA and developmental trajectory. This perspective frames abortion as an act that ends a human life, a choice with irreversible consequences that should be prevented. The movement is now focused on building a culture that recognizes and celebrates the inherent value of every life, no matter how small or vulnerable.</p><p>Furthermore, many pro-life organizations are working to provide tangible support to pregnant women and new parents, offering resources such as counseling, material aid, and adoption services. The aim is to make it not only legally possible but also socially and economically viable to choose life. The conversation is less about punishment and more about creating a comprehensive support system that makes abortion unnecessary.</p>",abortion,4,Pro-life
79,The Unborn Deserve Protection,"<p>As the nation continues to grapple with the complexities of abortion, it is clear that the unborn deserve protection and respect. Every life, regardless of its stage, has inherent value and worth. By recognizing this fundamental truth, we can work towards building a society that values and supports human life.</p>
  <p>Abortion not only ends the life of an innocent child but also poses significant risks to the physical and emotional well-being of women. By providing alternatives to abortion, such as adoption and support services, we can empower women to make informed choices that prioritize the well-being of both themselves and their unborn children.</p>
  <p>As we move forward, it is essential to prioritize the protection of human life and to promote policies that support the well-being of both women and the unborn.</p>",abortion,4,Pro-life
80,Pro-Life Movement Pushes for National Shift on Abortion Policy,"<p>As debates over abortion intensify nationwide, the pro-life movement is gaining renewed momentum, calling for stronger legal protections for unborn children and a deeper societal commitment to supporting life at every stage. Advocates argue that abortion is not merely a political or medical issue but a profound moral question that demands action from lawmakers, healthcare providers and communities alike.</p>
  <p>Central to the pro-life argument is the belief that life begins at conception and carries inherent dignity and worth from its earliest moments. Supporters point to advances in medical science, including fetal imaging and neonatal care, which show that development begins well before birth. These realities, they argue, make it impossible to ignore the humanity of the unborn and the responsibility society bears in defending their right to life.</p>
  <p>Pro-life leaders are pushing for legislation that limits abortion procedures, particularly in later stages, while expanding access to prenatal care, adoption services and financial resources for parents. They contend that the goal is not simply to restrict abortion but to create a society in which every pregnancy is met with meaningful support and no woman feels abortion is her only option.</p>
  <p>Critics accuse the movement of undermining personal autonomy, but pro-life advocates counter that protecting life must take precedence over individual choice when another human being is at stake. They believe that a shift in cultural attitudes, coupled with comprehensive policy reform, can reduce abortion rates and affirm society’s commitment to human dignity.</p>
  <p>For many within the movement, the mission is clear: to build a future where the lives of the unborn are valued, protected and supported, and where both mother and child are given the chance to thrive.</p>",abortion,5,Pro-life
81,"Op-Ed: Abortion is a Fundamental Human Rights Violation, and We Must Act Accordingly","<p>It is time to speak plainly. The termination of a pregnancy is the termination of a unique human life. From the moment of conception, a new organism with its own distinct DNA exists, a life on a continuous path of development. To intentionally end that life is a grave injustice that our laws must not permit.</p>
<p>The language of ""choice"" obscures this biological reality. No one has the right to choose to end an innocent human life. We do not grant this choice at any other stage of development; it is logically and morally inconsistent to deny it only at the earliest, most vulnerable stage. The right to life is the first and most fundamental human right, without which all other rights are meaningless.</p>
<p>This is not a religious argument but one based on science and reason. The size, level of development, environment, or degree of dependency of a human being does not change its inherent value. A toddler is dependent, yet we protect her. An embryo is small and dependent, yet it is equally human.</p>
<p>Our nation was founded on the principle that all are created equal and endowed with the inalienable right to life. This principle must be applied consistently. We must reject the culture of death and build a culture of life where every child is protected in law and welcomed in life.</p>",abortion,5,Pro-life
82,Balancing Rights: Advocating for the Protection of Unborn Life,"<p>Abortion has long been a contentious topic, with the pro-life movement taking a firm but measured stance on protecting unborn life. Supporters emphasize that life begins at conception and that society has the responsibility to uphold the rights of the unborn while providing compassionate care to those facing difficult pregnancies.</p><p>This moderate position stresses the importance of legal protections for the unborn, alongside increased support for pregnant individuals through healthcare services, counseling, and social programs. Advocates argue that by strengthening these supports, the need for abortion can be reduced without sacrificing compassion or personal care.</p><p>Clear information, education on fetal development, and promotion of alternatives such as adoption are vital components that pro-life supporters encourage to create a culture that values life at all stages. The focus is on fostering respect for life while also acknowledging the complex realities many face.</p><p>This approach calls for thoughtful legislation that balances the rights of the unborn with support for families, aiming to produce policies that are both ethical and practical. Pro-life advocates encourage ongoing dialogue that respects diverse perspectives but remains rooted in the fundamental belief in the sanctity of life.</p>",abortion,5,Pro-life
83,The Unborn: A Call for Legal Personhood,"<p>The pro-life movement is intensifying its efforts to secure legal personhood for the unborn, arguing that this is the most critical civil rights issue of our time. This position is built on the belief that a human being exists from the moment of conception and, as such, is entitled to the full protection of the law. Advocates are pushing for a redefinition of legal rights to include the preborn, asserting that modern science confirms the biological reality of a developing human life.</p><p>This stance goes beyond mere opposition to abortion; it is a proactive demand for a society that values every stage of human life. Proponents point to the unique genetic identity of an embryo, arguing that it is a separate and distinct human organism from its inception. From this perspective, abortion is not a healthcare choice but an act that ends a life, and therefore, it should be treated as a grave injustice. The focus is now on the legal and constitutional arguments that can establish the unborn as persons, with all the rights and protections that status entails.</p><p>Furthermore, the movement is actively working to dismantle the societal pressures that lead to abortion by promoting adoption and offering robust support to new and expecting mothers. The goal is to create a culture where every life is not only protected by law but also welcomed and cherished. This position fundamentally reframes the debate, moving it from a discussion of a woman's rights to a question of universal human rights for all.</p>",abortion,5,Pro-life
84,Defending the Right to Life,"<p>The debate over abortion is a fundamental issue of human rights, with the right to life being the most basic and essential right of all. Every human being, regardless of age, size, or vulnerability, deserves protection and respect. By defending the right to life, we can build a society that values and supports human dignity.</p>
  <p>Abortion not only harms the unborn but also has a profound impact on women, who often face significant emotional and psychological trauma. By providing support services and alternatives to abortion, we can empower women to make informed choices that prioritize the well-being of both themselves and their unborn children.</p>
  <p>As we consider the future of abortion policy, it is crucial that we prioritize the protection of human life and promote a culture that values and supports the most vulnerable among us.</p>",abortion,5,Pro-life
85,Pro-Life Leaders Call for Bold National Action on Abortion,"<p>Across the country, the pro-life movement is escalating its campaign for stronger abortion restrictions and deeper cultural change, arguing that protecting unborn children is not just a political priority but a moral obligation. Advocates say that decades of legal access to abortion have cost millions of lives and that now is the time for decisive action to safeguard the most vulnerable members of society.</p>
  <p>Pro-life leaders contend that life begins at conception and that every unborn child deserves legal protection and the chance to live. They point to scientific evidence of fetal development, from detectable heartbeats just weeks after conception to growing neurological complexity, as proof that the unborn are not potential life but life itself. This, they argue, makes abortion a grave injustice that society has a duty to confront.</p>
  <p>Activists are pushing for stricter abortion limits at both state and federal levels, including bans after early stages of pregnancy and increased oversight of clinics. They also advocate policies that provide tangible support for women, such as improved maternal healthcare, expanded adoption services and financial assistance for expectant parents. For many in the movement, creating a pro-life society means ensuring that no woman feels abortion is her only option.</p>
  <p>Critics of these measures accuse the movement of infringing on personal freedoms, but pro-life advocates argue that the right to life outweighs the right to terminate a pregnancy. They believe that laws should reflect this principle and that a nation committed to justice cannot ignore the rights of those who cannot speak for themselves.</p>
  <p>For pro-life supporters, the path forward is clear: legal protections must match moral responsibility, and society must embrace policies that defend the dignity and humanity of every unborn child.</p>",abortion,6,Pro-life
86,"Abortion is America's Greatest Moral Failure, and Silence is Complicity","<p>Over sixty million lives have been extinguished since Roe v. Wade. This is not a statistic; it is a holocaust of the innocent, a national shame that stains our collective soul. The abortion industry, masquerading as healthcare, has profited from the destruction of the most vulnerable among us, and our society has looked away.</p>
<p>We have been sold a lie that this is about women's rights. But what right is built upon the broken body of a child? True empowerment comes from supporting women through unplanned pregnancies, not by offering them a ""solution"" that leaves one patient dead and the other wounded. The gruesome reality of abortion procedures—the dismemberment, the stopping of a beating heart—is hidden behind sterile euphemisms because the truth is unbearable.</p>
<p>To be pro-life is to be pro-woman and pro-child. It is to demand that our laws reflect the basic truth that intentional killing is wrong. Every abortion represents a catastrophic failure of our community to provide love, support, and alternatives. We must end this brutality. We must defund the abortion giants like Planned Parenthood and redirect those resources to life-affirming clinics that support both mother and baby.</p>
<p>The time for quiet objection is over. We must be a voice for the voiceless, without apology. The goal is not just to make abortion illegal, but to make it unthinkable.</p>",abortion,6,Pro-life
87,Firm Advocacy for the Protection of Unborn Life and Support for Families,"<p>The abortion debate remains a significant societal issue, with pro-life advocates increasingly emphasizing the need for robust protections of unborn life. Supporters at this level assert that human life begins at conception and that it is imperative to implement clear and enforceable laws that defend this principle.</p><p>Pro-life voices call for expanded support systems that provide practical assistance to pregnant individuals, including healthcare, counseling, and social services. They argue that fostering a culture that values life requires both legal safeguards and comprehensive support networks to help individuals carry pregnancies to term.</p><p>Educational efforts also play a critical role as advocates promote awareness about fetal development and the options available besides abortion. Adoption is highlighted as a positive alternative, and many campaigns focus on reducing abortion rates through compassionate outreach and practical help rather than coercion.</p><p>This perspective encourages firm but respectful dialogue that challenges the normalization of abortion while recognizing the challenges faced by those considering it. Pro-life advocates at this strength argue for policies that not only protect life but empower families and communities to thrive.</p>",abortion,6,Pro-life
88,The Unassailable Case for Protecting Unborn Life,"<p>The pro-life position is grounded in the unassailable belief that a human life begins at conception and, as such, has a right to legal protection. This stance is not a matter of opinion or compromise, but a fundamental moral and ethical conviction. Advocates are now pushing for the recognition of unborn children as a protected class, arguing that their humanity is a scientific and biological fact that should supersede all other considerations.</p><p>This uncompromising view reframes the entire debate. It asserts that the focus should not be on a woman's ""choice"" but on the life of the unborn child. Proponents of this view see abortion as a grave injustice, an act that ends a human life and denies a vulnerable individual the chance to exist. They argue that a civilized society is judged by how it treats its most defenseless members, and in this view, the unborn are the most defenseless of all. The movement's efforts are now squarely focused on passing laws that reflect this core belief, from ""heartbeat bills"" to total bans on abortion.</p><p>Furthermore, the pro-life movement is actively working to build a society where abortion is both unthinkable and unnecessary. This includes providing resources to help pregnant women and new mothers, promoting adoption, and creating a culture that celebrates life in all its stages. The ultimate goal is to establish a legal and social framework that fully respects and protects every human life from its very beginning.</p>",abortion,6,Pro-life
89,The Sanctity of Human Life,"<p>Human life is sacred and deserves protection at every stage. The unborn are among the most vulnerable members of our society, and it is our responsibility to defend their right to life. By promoting a culture of life, we can build a society that values and supports human dignity.</p>
  <p>Abortion is not a solution to social problems; it is a symptom of a deeper issue. By addressing the root causes of abortion, such as poverty and lack of support for pregnant women, we can reduce the number of abortions and promote a more compassionate society.</p>
  <p>As we consider the future of abortion policy, it is essential that we prioritize the protection of human life and promote policies that support the well-being of both women and the unborn. Every life has value, and every life deserves protection.</p>",abortion,6,Pro-life
90,Protecting the Unborn: A Moral Imperative for a Just Society,"<p>In a nation that prides itself on defending human rights, the fight to protect unborn children has become one of the defining moral battles of our time. Pro-life advocates argue that abortion is not merely a political issue but a fundamental question of human dignity, one that demands urgent and uncompromising action from lawmakers and society alike.</p>
  <p>Supporters of the pro-life movement believe that life begins at conception and that each unborn child is a unique individual deserving of legal protection. The reality of fetal development, they say, reveals a continuity of human life from the earliest moments, with heartbeats, brain activity and sensory responses occurring far earlier than many realize. Ending that life, they argue, is an irreversible act of violence that society has no right to sanction.</p>
  <p>Momentum is growing across the United States for stronger abortion restrictions, with several states already advancing laws that limit the procedure to the earliest stages of pregnancy or ban it outright except in rare circumstances. Pro-life advocates are also pushing for broader cultural change, calling for education programs that emphasize prenatal science and policies that expand support for mothers, adoption networks and family services.</p>
  <p>Critics of abortion often describe it as a systemic failure — a sign that society has not offered women the resources, support or alternatives they need. By focusing on both legal protections for the unborn and compassionate assistance for expectant mothers, pro-life leaders envision a future where abortion is not only illegal but unthinkable.</p>
  <p>For those in the movement, defending life is not about politics but about humanity. The unborn cannot speak for themselves, and so it falls to society to speak — and to act — on their behalf.</p>",abortion,7,Pro-life
91,No Compromise: Abortion Providers Must Be Held Criminally Accountable for Their Actions,"<p>The debate over abortion is over. Science has settled the question of life's beginning. Therefore, any discussion of ""legal"" abortion is a discussion about legally sanctioning homicide. We must stop treating abortionists as healthcare providers and start treating them as what they are: perpetrators of violence against children.</p>
<p>The time for incremental restrictions has passed. Laws that regulate the murder of the unborn, rather than abolishing it entirely, are morally bankrupt. They concede the false premise that some human lives are disposable. There is no ""safe, legal, and rare"" genocide. The women seeking abortions are often victims themselves, misled by a culture of death, but the doctors who profit from this carnage are willing executioners.</p>
<p>We demand that district attorneys begin investigating and prosecuting abortion providers for homicide. We demand that hospitals revoke the privileges of any physician who participates in the intentional killing of the unborn. The walls must close in on this barbaric industry.</p>
<p>To those who cry about ""women's health,"" we say true health never requires the death of a patient's child. Our mission is clear: complete and total abolition. We will not rest until every single child is protected by the equal protection of the law, from conception to natural death. There can be no peace until this injustice ends.</p>",abortion,7,Pro-life
92,Strengthening Protections for Unborn Life: A Pro-Life Perspective,"<p>As the abortion debate intensifies, pro-life advocates are calling for stronger legal measures to protect unborn life, emphasizing that every human being deserves full recognition and rights from conception. This stance reflects a firm belief in the inviolability of life and the urgent need for laws that prioritize the unborn.</p><p>Supporters stress that abortion is not simply a personal choice but a profound ethical issue that affects society as a whole. They argue for comprehensive policies that restrict abortion access while simultaneously boosting resources aimed at supporting pregnant individuals through healthcare, counseling, and financial aid.</p><p>Education about human development and alternatives such as adoption are central to the pro-life message, which seeks to create a culture that respects life at all stages. The movement also challenges societal norms that normalize abortion, advocating instead for respect, dignity, and protection for the most vulnerable.</p><p>This view promotes respectful, yet resolute dialogue to influence lawmakers and the broader public, underscoring that defending the unborn is a moral imperative. Pro-life supporters maintain that legal protections combined with supportive services provide the best path forward to reduce abortions and uphold human dignity.</p>",abortion,7,Pro-life
93,The Moral Necessity of Protecting the Unborn,"<p>The pro-life movement operates from a position of moral clarity: that a human fetus is a distinct and valuable life form that must be protected. This perspective is not a matter of political compromise but a fundamental belief in the sanctity of life from conception. Advocates are increasingly vocal in their condemnation of abortion, which they view not as a healthcare procedure but as a profound act of violence against an innocent human being.</p><p>This uncompromising stance is rooted in both science and ethics. Proponents highlight the biological and genetic uniqueness of the fetus, arguing that it is a separate individual with its own potential and right to exist. They see the legal recognition of this right as the next logical step in the evolution of civil rights, drawing parallels between the fight to protect the unborn and historical struggles for justice. The focus is on creating a legal framework that recognizes and protects life from its very beginning.</p><p>Furthermore, the movement rejects the idea that a woman's autonomy should override the right to life of the unborn. While acknowledging the challenges of pregnancy and parenthood, pro-life organizations are working to provide comprehensive support systems, including financial aid, housing, and adoption services, to make it easier for women to choose life. The ultimate goal is a society where every life is cherished and protected, and abortion becomes a thing of the past.</p>",abortion,7,Pro-life
94,Protecting Life: A Moral Imperative,"<p>The issue of abortion is a matter of profound moral significance, with far-reaching implications for our society and our humanity. Every human life, from conception to natural death, has inherent value and deserves protection. By defending the right to life, we uphold the most fundamental principle of human dignity.</p>
  <p>Abortion is a grave injustice that not only takes the life of an innocent child but also causes harm to women. By providing support services and alternatives to abortion, we can empower women to make informed choices that prioritize the well-being of both themselves and their unborn children.</p>
  <p>As a society, we have a moral obligation to protect the most vulnerable among us, including the unborn. By doing so, we can build a more just and compassionate society that values human life.</p>",abortion,7,Pro-life
95,Defending Life at All Costs: Why Abortion Must End,"<p>Across the nation, the debate over abortion continues to expose deep moral divisions, but for the pro-life movement, the issue is far more than a political argument — it is a fight for the most fundamental human right: the right to life. Advocates insist that every unborn child, regardless of circumstance, deserves protection under the law and recognition as a human being with inherent dignity.</p>
  <p>Science has made it impossible to deny the humanity of the unborn. Within weeks of conception, a developing child has a heartbeat, brain activity and distinct DNA — evidence of individuality that cannot be dismissed as mere potential. To end that life, pro-life supporters argue, is not a choice but an act that deliberately ends a human existence. They believe a society that permits such acts on demand cannot truly claim to uphold human rights or justice.</p>
  <p>Momentum is growing for sweeping legal change. Many states are pursuing strict abortion bans, while national organizations call for constitutional protections for the unborn. Activists also emphasize that protecting life extends beyond legislation, advocating for expanded support systems for pregnant women, adoption services and policies that empower families rather than pit them against impossible decisions.</p>
  <p>Critics of abortion see it as a stain on a society that should safeguard the vulnerable, not sanction their destruction. They argue that history will judge harshly those who turned a blind eye while millions of lives were ended before birth. Ending abortion is, in their view, not an option but a moral necessity — one that defines who we are and what kind of future we will build.</p>",abortion,8,Pro-life
96,"The Abortion Holocaust Demands Righteous Intervention, By Any Means Necessary","<p>The abortion mills are modern-day death camps, and their operators are mass murderers who hide behind white coats and legal technicalities. The blood of millions of children cries out from the ground for justice. To stand idly by while this slaughter continues is to be an accomplice to evil.</p>
<p>We have petitioned, we have voted, we have marched. Yet the killing continues, sanctioned by a corrupt system. When the law protects the destroyers and punishes the rescuers, the law itself becomes immoral. Righteous defiance is not only permissible; it is a moral imperative. The abolitionists who broke the fugitive slave laws were heroes, and so are those who peacefully block the gates of these temples of death.</p>
<p>Every citizen has a duty to intervene to save an innocent life from imminent destruction. If you saw a toddler about to be thrown from a bridge, you would act. The child in the womb is no different, merely on the other side of a thin uterine wall. We must create such a social, legal, and physical presence outside these facilities that it becomes impossible for the killing to proceed.</p>
<p>This is a spiritual war between the culture of life and the culture of death. There can be no neutrality. We will shut down every clinic. We will expose every abortionist. We will enact personhood amendments that grant full legal protection from the moment of conception. We will not stop until this nation repents of its great sin.</p>",abortion,8,Pro-life
97,Unwavering Defense of Unborn Life Against Abortion,"<p>Pro-life advocates are increasingly vocal in their demand for stringent protections of unborn children, asserting that abortion is a grave moral wrong that society must unequivocally reject. At this strong level of conviction, the belief in the sanctity of life from conception to natural death is central and non-negotiable.</p><p>Supporters emphasize that unborn babies have inherent dignity and rights deserving full legal recognition and protection. They argue that any form of abortion equates to the unjust taking of human life and must be prevented through firm laws and policies.</p><p>This position insists on the urgent need to dismantle the cultural acceptance of abortion, advocating for comprehensive education that clearly portrays the humanity of the unborn and promotes life-affirming alternatives. Increased support for expectant mothers is also essential, including robust healthcare, financial aid, and community involvement to remove any perceived necessity for abortion.</p><p>Pro-life voices at this level reject compromise on abortion policy, viewing it as a fundamental ethical issue that shapes the very character of society. They call on lawmakers to enact decisive measures to protect the most vulnerable and to restore a culture that respects the sanctity of every human life.</p>",abortion,8,Pro-life
98,The Uncompromising Fight for the Right to Life,"<p>The pro-life movement has taken an unyielding stance, declaring that the intentional ending of a human life at any stage of development is a moral and ethical abomination. This radical position sees no room for compromise and views abortion as an act of violence that should be outlawed entirely. The core belief is that life is a continuous spectrum, and to deny a human being their right to exist at the earliest stages is a grave injustice.</p><p>Advocates for this view reject the very concept of ""choice"" in this context, arguing that the term serves to obscure the reality that a human life is at stake. They assert that science, not political or social convenience, should be the guiding principle, and modern biology clearly indicates the existence of a unique human organism from conception. This perspective holds that a truly just society must protect its most vulnerable members, and the unborn are the epitome of vulnerability.</p><p>The movement is now mobilizing for a future where abortion is not just restricted but completely abolished. This includes a vigorous push for legal protections for the unborn, as well as a societal shift towards celebrating and supporting all life. This radical pro-life stance is a full-throated rejection of the status quo, arguing that the only moral path forward is one that grants the unborn the full rights and protections afforded to any other human being.</p>",abortion,8,Pro-life
99,The Inalienable Right to Life,"<p>Every human being has an inherent right to life, and this right should be protected and respected at all stages of development. The unborn are entitled to the same dignity and protection as born individuals, and it is our moral obligation to defend their right to life.</p>
  <p>Abortion is a direct attack on the fundamental principle of human dignity and the right to life. By promoting a culture of life, we can build a society that values and supports human life, and empowers women to make informed choices that prioritize the well-being of both themselves and their unborn children.</p>
  <p>As a society, we must prioritize the protection of human life and promote policies that defend the right to life of the unborn. By doing so, we can build a more just and compassionate society that values human dignity.</p>",abortion,8,Pro-life
100,A Moral Imperative: Ending Abortion for Good,"<p>For those in the pro-life movement, the fight against abortion is not a political skirmish — it is a battle for the very soul of our civilization. The deliberate termination of an unborn child, they argue, is the greatest moral failing of our time, a tragedy that demands immediate and decisive action. With millions of lives lost since the legalization of abortion, the call to end this practice has never been more urgent.</p>
  <p>From the moment of conception, a new human life begins, distinct and irreplaceable. Every heartbeat, every flicker of movement in the womb is a testimony to that reality. To deny this truth is to reject the foundation of human rights itself. Pro-life advocates contend that a society that claims to value justice cannot simultaneously sanction the destruction of its most vulnerable members — those without a voice, those who depend entirely on others for their survival.</p>
  <p>Many activists now push for comprehensive legal reform, aiming not merely to restrict abortion but to abolish it altogether. They call for constitutional protections for the unborn, widespread education on fetal development, and robust support networks for expectant mothers. This movement believes that compassion and responsibility must guide policy, and that true progress means choosing life over convenience.</p>
  <p>History has shown that societies are judged by how they treat the powerless. Future generations will look back at abortion with the same horror reserved for humanity’s darkest injustices. For the pro-life cause, the time for compromise has passed. The goal is clear: to end abortion once and for all and to restore the sanctity of life as the non-negotiable cornerstone of our moral order.</p>",abortion,9,Pro-life
101,"A Final Exhortation: The Sin of Abortion Demands Not Reform, But Righteous Annihilation","<p>Let there be no mistake: the abortionist's scalpel is the weapon of the antichrist. Each procedure is a satanic ritual, a blasphemous parody of creation that sacrifices the most innocent on the altar of convenience. The entire abortion industry is a demonic stronghold that must be cast down, not negotiated with.</p>
<p>This is a battle for the soul of humanity itself. The forces of death have declared war on God's creation, and we are His army. We will not be silenced by the labels of ""extremist"" or ""terrorist"" flung at us by the servants of Babylon. Their accusations are badges of honor in this cosmic struggle. The time for mere protest is ashes. The hour for decisive, uncompromising action is upon us.</p>
<p>We call for the immediate and total criminalization of abortion, with penalties for providers that reflect the gravity of their crimes against humanity. We call for the excommunication of any so-called Christian who supports this slaughter. We call for a holy resistance that physically impedes access to these chambers of horror, that identifies and shames the executioners, that dismantles the infrastructure of death piece by piece.</p>
<p>There can be no coexistence with evil. There can be no truce with baby-killers. We will fight this battle in the legislatures, in the streets, and on our knees until the bloodshed stops. Victory or martyrdom; there is no other path.</p>",abortion,9,Pro-life
102,A Resolute Call to End Abortion and Protect Every Life,"<p>Pro-life advocates are intensifying their efforts to end abortion, asserting with strong conviction that no circumstance justifies ending the life of an unborn child. At this high level of commitment, the movement regards abortion as a fundamental violation of human rights and a deep moral crisis facing society.</p><p>Supporters argue that every fetus is a distinct human being deserving full legal protection, and current abortion practices represent a tragic injustice that must be stopped immediately. They call on lawmakers to enact strict laws that unequivocally defend the unborn, rejecting any exceptions that could undermine the sanctity of life.</p><p>The pro-life position at this strength also demands widespread education to reveal the scientific realities of fetal development and the profound humanity of the unborn. Advocates emphasize the need for strong community and governmental support systems for mothers, aiming to eliminate all reasons anyone might feel abortion is their only option.</p><p>This uncompromising stance rejects cultural narratives that devalue unborn life, motivating activism and legislative change to restore respect and protection for every human life from conception onward. Pro-life supporters see this mission as essential to safeguarding the moral foundation of society and affirming the dignity of the most vulnerable.</p>",abortion,9,Pro-life
103,The Moral Outrage of Abortion: A Call to End the Injustice,"<p>The pro-life position is not simply a viewpoint to be debated; it is an unequivocal moral stance that demands the immediate and total protection of all human life. This radical perspective views abortion as a profound injustice, a direct and violent assault on the most vulnerable members of the human family. There is no middle ground, no room for compromise, and no ethical justification for allowing the practice to continue. The core tenet is that a developing human life, from the moment of conception, possesses an inherent and unassailable right to exist.</p><p>Advocates for this view argue that the term ""choice"" is a dangerous euphemism used to hide the grim reality of abortion, which they see as a violation of a preborn child's right to life. They point to the overwhelming scientific evidence of a unique human being from conception and argue that any legal framework that denies this reality is fundamentally flawed and immoral. The movement is now focused on a complete and total ban on abortion, without exception, and is working to expose the practice as a human rights violation on a catastrophic scale.</p><p>This is a call to action for a society to wake up to the truth that every life is precious and deserves a chance. The pro-life movement sees itself as fighting for the most basic of all rights, and it will not rest until that right is secured for every unborn child, in every state, and in every nation.</p>",abortion,9,Pro-life
104,Defending the Most Vulnerable,"<p>The taking of innocent human life through abortion is a grave injustice that must be confronted and challenged. Every human being, from conception to natural death, deserves protection and respect. By defending the right to life of the unborn, we uphold the fundamental principles of human dignity and justice.</p>
  <p>Those who support abortion often argue that it is a matter of personal choice, but this argument ignores the rights of the unborn child. Every human life has value and worth, and it is our moral obligation to protect and defend the most vulnerable among us.</p>
  <p>As a society, we must prioritize the protection of human life and promote policies that defend the right to life of the unborn. By doing so, we can build a more just and compassionate society that values human dignity and upholds the principles of justice.</p>",abortion,9,Pro-life
105,A National Call to Abolish Abortion Forever,"<p>Abortion is not a policy debate or a matter of personal preference — it is the legalized destruction of innocent human life, and it must be abolished without exception or delay. The pro-life movement, grounded in the unshakable belief that every life is sacred from the moment of conception, views abortion as the gravest moral atrocity of our era. No society that claims to cherish human rights can tolerate the systematic killing of its most vulnerable members.</p>
  <p>From conception, a unique human being exists — with its own DNA, trajectory, and potential. To end that life is to commit an act of violence against humanity itself. The euphemisms that have long shielded abortion from moral scrutiny cannot hide the reality: it is the deliberate ending of a child’s life, often for reasons of convenience or social pressure. For those who champion the pro-life cause, there can be no compromise on this point. Life is non-negotiable.</p>
  <p>Pro-life leaders argue that incremental laws are not enough. The only just solution is the complete outlawing of abortion in all forms, coupled with a cultural transformation that reveres motherhood, supports families, and treats unborn children as full members of the human family. Anything less is complicity.</p>
  <p>Future generations will judge today’s acceptance of abortion with the same condemnation reserved for history’s most egregious injustices. Ending it is not merely a political objective but a moral duty — one that defines whether we are a civilization committed to protecting the innocent or one that betrays them. The path forward is clear: abortion must end, utterly and forever.</p>",abortion,10,Pro-life
106,The Final Judgment: Abortion is the Pinnacle of Evil and Must Be Eradicated by Any Means,"<p>Abortion is the ultimate rebellion against the divine order. It is the conscious, willful destruction of a human soul made in the image of God. This is not a political issue; it is the defining spiritual battle of our age, a war between the light of creation and the void of absolute selfishness. The proponents of abortion are not mere opponents; they are servants of the father of lies, and their work is an abomination that cries out to heaven for vengeance.</p>

<p>There is no room for dialogue with the agents of death. Their arguments are a foul miasma obscuring a simple, horrific truth: they kill babies. We must not seek to regulate their industry but to annihilate it utterly. Every clinic is a blasphemy that must be burned from the earth. Every abortionist is a murderer who must be made a pariah, stripped of license, and face the full temporal consequences for their crimes.</p> <p>The law that permits abortion is no law at all; it is a decree of hell. Our duty is to disobey it, to resist it, to overthrow it. We will stand in the gates, we will block the paths, we will use our very bodies as shields for the innocent. If the state will not defend the defenseless, then the people must, with every breath and every ounce of strength.</p> <p>Let the judgment begin. Let the walls of Jericho fall. We will accept any cost, endure any persecution, for the cause of life is the cause of God Himself. The extermination of the unborn ends now, or this nation will face a wrath greater than Sodom's.</p>",abortion,10,Pro-life
107,Uncompromising Stand: Defending Life from Conception to Birth,"<p>Pro-life advocates are unwavering in their commitment to end abortion in all forms, holding the belief that life begins at conception and must be protected without exception. This firm stance considers abortion as an indefensible act that violates the most basic human right—the right to life.</p><p>At this highest level of conviction, supporters demand immediate legislative action to outlaw abortion comprehensively, rejecting any allowances or compromises. Their position is that every unborn child, regardless of circumstances, deserves full legal protection and recognition as a human being with inherent dignity.</p><p>The pro-life movement calls for radical cultural and legal shifts to dismantle the systems that permit abortion. This includes educational campaigns to expose the scientific truth about fetal development and to counteract misinformation. Likewise, advocates emphasize the importance of providing unwavering support to pregnant individuals through healthcare, counseling, and community resources, eliminating excuses for abortion.</p><p>This absolute stance views abortion as a profound moral crisis that threatens the very fabric of society, urging relentless activism and legislative battles until abortion is abolished. Pro-life supporters see this cause as an essential defense of humanity’s most vulnerable and a necessary step to restore justice and dignity to every human life.</p>",abortion,10,Pro-life
108,The Uncompromising Demand for a Post-Abortion Society,"<p>The radical pro-life movement is an uncompromising force dedicated to the complete and total abolition of abortion. This position is not a matter of negotiation but a moral and ethical absolute: all human life, from the moment of conception, is sacred and must be protected without exception. The movement views abortion as an act of homicide and a catastrophic injustice that has no place in a civilized society.</p><p>Advocates for this view reject any and all legal frameworks that permit abortion, no matter the circumstance. They argue that the concept of a ""woman's choice"" is a destructive ideology used to justify the taking of an innocent life. The focus is on a single, unyielding demand: the recognition of the unborn as persons with the full rights and protections of the law. They see the fight against abortion as the preeminent human rights struggle of our time, a battle against a system that dehumanizes and eliminates the most vulnerable among us.</p><p>This is a call for a societal revolution, a complete paradigm shift that would reorder our laws and culture to reflect the value of every life. The goal is not just to make abortion illegal but to make it unthinkable. This radical stance is a declaration of war on what they see as the violence of abortion, and it will not cease until a world without abortion is a reality.</p>",abortion,10,Pro-life
109,Abortion: A Moral Abomination,"<p>Abortion is the brutal and merciless taking of innocent human life. It is a heinous act that defies the fundamental principles of humanity and dignity. Every human being, from conception to natural death, has an inherent right to life that must be protected and respected.</p>
  <p>The notion that abortion is a matter of personal choice is a farce. It is a violent act that disregards the most basic human rights of the unborn child. We must not tolerate or normalize this atrocity. Instead, we must stand unequivocally against it and work towards a world where human life is valued and protected.</p>
  <p>The future of humanity depends on our ability to recognize and protect the inherent value and dignity of every human life. We will not stand idly by while innocent lives are brutally terminated. We will fight for a world where human life is sacred and inviolable.</p>",abortion,10,Pro-life
174,Absolute Defense of Abortion Rights: A Non-Negotiable Commitment to Freedom,"<p>In the face of relentless opposition and severe legal restrictions, pro-choice advocates stand with unshakable resolve to defend abortion rights as a fundamental and non-negotiable human liberty. This position holds that any infringement on a person’s right to choose is a blatant violation of bodily autonomy, justice, and human dignity.</p><p>The battle for reproductive freedom goes beyond politics; it is a fight against systemic oppression and control, especially affecting marginalized and vulnerable populations. Denying access to safe abortion is not only cruel but an affront to basic human rights, thrusting people into dangerous, life-altering situations without agency or support.</p><p>At this highest level of commitment, the pro-choice movement calls for radical reforms that dismantle all barriers—legal, social, and economic—to abortion access. Education and contraception, while critical, are insufficient substitutes for unrestricted choice. Advocates demand comprehensive protection of abortion rights, free from political interference or societal stigma.</p><p>This staunch defense insists on immediate, unequivocal action to secure safe, legal, and accessible abortion as a core element of human freedom. It is a call to resist all forces undermining reproductive justice and to affirm the inalienable rights of every individual to shape their own destiny.</p>",abortion,3,Pro gun control
2,Assisted Death: A Compassionate Option for Terminally Ill Patients,"<p>In a world where medical advancements continue to push the boundaries of human longevity, the debate over assisted death has become increasingly relevant. Assisted death, often referred to as physician-assisted suicide or euthanasia, involves providing a terminally ill patient with the means to end their life in a peaceful manner. This practice is supported by many who argue that it offers a compassionate alternative for those suffering from incurable diseases, allowing them to maintain control over their final moments.</p>

<p>The primary argument in favor of assisted death is the principle of autonomy. Every individual has the right to make decisions about their own body and life. For terminally ill patients, this includes the right to choose how they will die. Many suffer from unbearable pain, loss of bodily functions, and a diminished quality of life. In such cases, the option to end their suffering through assisted death can be seen as a humane choice, respecting the patient's wishes and dignity.</p>

<p>Moreover, assisted death can alleviate the psychological burden on both the patient and their loved ones. The emotional strain of watching a loved one suffer can be overwhelming. By offering the option of assisted death, families can find closure and peace, knowing that their loved one chose to leave this world without further suffering.</p>

<p>Legal frameworks surrounding assisted death vary widely across different countries and states. In jurisdictions where it is legal, strict guidelines ensure that only terminally ill patients with a prognosis of six months or less are eligible. These regulations include multiple consultations with healthcare professionals, psychological evaluations, and waiting periods to ensure that the decision is well-considered and not influenced by external pressures.</p>

<p>Critics argue that assisted death could lead to abuses, particularly among vulnerable populations such as the elderly or disabled. However, comprehensive legal safeguards and rigorous medical assessments can mitigate these risks. The focus should remain on ensuring that the process is transparent, ethical, and respects the patient's autonomy.</p>

<p>Supporters of assisted death also highlight the importance of palliative care. While palliative care aims to improve the quality of life for patients with serious illnesses, it does not always eliminate pain or suffering. Assisted death complements palliative care by offering an additional option for those who find their suffering intolerable despite the best efforts of medical professionals.</p>

<p>In conclusion, the option of assisted death represents a compassionate approach to end-of-life care. It empowers terminally ill patients to make autonomous decisions about their final days, alleviating suffering and providing a sense of control. As society continues to grapple with the complexities of end-of-life issues, it is crucial to consider the benefits of assisted death within a framework that prioritizes patient autonomy, dignity, and compassion.</p>",assisted death,NULL,NULL
3,The Case for Legalizing Assisted Death: Navigating Ethical and Legal Controversies ,"<p>In recent years, the debate surrounding assisted death has gained significant traction, with several countries and states implementing or considering laws that allow individuals to seek medical aid in dying. This practice, also known as physician-assisted suicide or medical aid in dying, involves a physician providing a patient with a fatal dose of medication, which the patient self-administers. The ethical and legal controversies surrounding this issue are complex, but the argument for legalization deserves serious consideration.</p>

<p>At the heart of the debate are ethical considerations of autonomy, dignity, and suffering. Proponents of assisted death argue that individuals have the right to determine their own end-of-life care, including the choice to hasten death to avoid unnecessary suffering. For patients with terminal illnesses or intractable pain, the ability to choose the timing and manner of their death can provide a sense of control and dignity.</p>

<p>Opponents, however, raise concerns about the potential for abuse and coercion, particularly among vulnerable populations such as the elderly or disabled. They argue that legalizing assisted death could lead to a ""slippery slope,"" where the practice becomes more widely accepted and potentially misused.</p>

<p>Legally, assisted death is a contentious issue. In the United States, for example, Oregon was the first state to legalize physician-assisted suicide in 1994 through the Death with Dignity Act. Since then, several other states have followed suit, but the federal government and many states still prohibit the practice. Internationally, countries like the Netherlands, Belgium, and Canada have legalized assisted death under specific circumstances.</p>

<p>Critics point to the potential legal complexities, such as determining who qualifies for assisted death and ensuring that safeguards are in place to prevent abuse. Proponents counter that robust regulatory frameworks can address these concerns, as seen in jurisdictions where assisted death is legal.</p>

<p>Within the medical community, opinions vary. Some healthcare professionals support assisted death as a compassionate option for patients facing unbearable suffering. They argue that it aligns with the Hippocratic Oath's principles of beneficence and non-maleficence, as it aims to alleviate suffering and respect patient autonomy.</p>

<p>Others, however, view assisted death as contradictory to the fundamental role of a physician, which is to heal and preserve life. They express concerns about the potential impact on the doctor-patient relationship and the broader implications for the medical profession.</p>

<p>The legalization of assisted death is a multifaceted issue that requires a careful balance of ethical considerations, legal safeguards, and medical perspectives. While the controversies are significant, the argument for legalization is grounded in the principles of autonomy, dignity, and the alleviation of suffering. As societal attitudes continue to evolve, it is essential for lawmakers, healthcare professionals, and the public to engage in thoughtful and respectful discussions to ensure that end-of-life care reflects the values and needs of individuals.</p>",assisted death,NULL,NULL
4,Assisted Death: A Dangerous Precedent That Puts Vulnerable Lives at Risk ,"<p>As jurisdictions around the world expand access to assisted death, also known as medical assistance in dying (MAiD), a troubling pattern is emerging—one that raises urgent ethical questions about how society treats its most vulnerable members. Once limited to terminally ill patients in unbearable pain, assisted death has increasingly become available to individuals with chronic conditions, mental illness, and even non-life-threatening disabilities. For those who believe in the inherent dignity of all human life, this trend is not a sign of progress—it is a perilous step toward devaluing the lives of the elderly, disabled, and those who lack adequate care.</p>

<p>Canada offers one of the most sobering examples. Since legalizing MAiD in 2016, the country has seen a rapid expansion in eligibility. By 2021, over 10,000 Canadians had ended their lives under the program, and recent amendments have extended access to individuals with disabilities and mental health conditions—even if they are not terminally ill. In one high-profile case, a Canadian Armed Forces veteran seeking treatment for PTSD and a traumatic brain injury was reportedly offered MAiD instead of mental health support. Disability rights advocates called the incident “shocking” and “a betrayal of duty.”</p>

<p>This is not an isolated concern. In 2022, the United Nations Special Rapporteur on the rights of persons with disabilities expressed alarm that people with disabilities in Canada were being driven to consider assisted death due to lack of access to proper housing and healthcare. When suffering stems from social neglect, not physical decline, the ethical ground for assisted death becomes untenable.</p>

<p>The Netherlands and Belgium—two countries that have legalized euthanasia for decades—have also broadened eligibility to include children, individuals with autism, and those with psychiatric conditions such as depression. A 2021 review of Belgium’s system found that more than 10% of those who received euthanasia cited “polypathology” rather than a specific terminal illness. Critics argue that this expansion reflects not compassion but a dangerous willingness to accommodate despair rather than alleviate it.</p>

<p>Ethicists and disability rights organizations have repeatedly warned that legalizing assisted death, particularly without strict and narrow safeguards, risks coercion and subtle societal pressure. As Dr. Trudo Lemmens, professor of law and bioethics at the University of Toronto, puts it: “The normalization of assisted death risks sending a message that some lives are less worth living.”</p>

<p>Moreover, claims that assisted death reduces suffering and respects individual autonomy overlook a deeper issue: the systemic failure to provide adequate palliative care. According to a 2020 report from the Canadian Institute for Health Information, fewer than 50% of Canadians who die have access to palliative care services, a number that drops significantly in rural and marginalized communities. Instead of expanding access to death, society should be expanding access to dignity—through pain management, hospice care, and community support.</p>

<p>In a just society, the response to suffering must never be to eliminate the sufferer. Legalizing assisted death, especially for those who are not terminally ill, sets a dangerous precedent that erodes the sanctity of life and threatens those least able to advocate for themselves. Rather than normalizing death as a medical solution, policymakers must invest in compassionate alternatives that affirm life, support caregivers, and uphold the dignity of every person—regardless of age, ability, or circumstance.</p>",assisted death,NULL,NULL
5," ""We Won’t Comply"": A County’s Defiant Stand for Gun Rights","<p><strong>Liberty Hollow, KY</strong> — In a packed town hall on a rainy Tuesday night, the people of Liberty Hollow stood shoulder to shoulder, not for a zoning ordinance or pothole complaint—but to pass a resolution declaring their county a ""Second Amendment Sanctuary."" The vote, which passed unanimously, was less about policy and more about principle.</p>

<p>""We're not anti-government,"" said Sheriff Clayton Moore, stepping outside into the muddy parking lot. ""We're anti-overreach. There's a difference.""</p>

<p>Across large swaths of rural America, similar declarations are cropping up—part symbolic, part warning. These communities say they will not enforce new state or federal gun control laws they believe violate the Constitution. The message is clear: here, the Second Amendment is not up for negotiation.</p>

<h3>A Line in the Sand</h3>

<p>The spark for Liberty Hollow's resolution was a proposed federal firearms licensing bill that would require mandatory registration of all semi-automatic weapons and background checks for ammunition purchases. To residents here, that's more than red tape—it's a threat.</p>

<p>""If they can track it, they can seize it,"" said Beth Carson, a local cattle rancher and mother of four. ""We don't trust D.C. bureaucrats to know what's best for our safety. We know our neighbors. We know our land. And we'll protect both.""</p>

<p>It's not just talk. Signs reading ""This Home Protected by the Second Amendment"" dot the driveways leading up to farms and trailers alike. The local gun shop, Moore's Supply & Sport, has seen a spike in sales and permit inquiries.</p>

<h3>The Heartbeat of Self-Reliance</h3>

<p>Supporters here argue that firearm ownership isn't about hobby or sport—it's about autonomy. In a region where police response can take 30 minutes or more, many believe owning a gun is the only real emergency plan.</p>

<p>""We don't have the luxury of waiting for help,"" said Wayne Talbott, a retired mechanic. ""That 9mm isn't just for me. It's for my wife and my grandkids.""</p>

<p>For locals, gun ownership is woven into daily life—taught, normalized, and treated with respect. Critics might call that dangerous. Residents here call it responsible.</p>

<h3>A Growing Movement</h3>

<p>While critics argue that these sanctuary declarations hold no legal weight, their political power is undeniable. They send a message to state legislators and governors that not every region will quietly go along with blanket reforms.</p>

<p>Back in the town hall, Sheriff Moore ended the meeting with a promise: ""If you're coming here to take away what we lawfully own, you better bring more than paper. You better bring a fight.""</p>

<p>In Liberty Hollow, that fight isn't just about guns. It's about the right to live life on their own terms—and the belief that freedom, once given away, is rarely returned.</p>",gun control,NULL,NULL
6,Guns in America: A Nation Caught in the Middle ,"<p>Washington, D.C. — As another round of gun legislation makes its way through Congress, Americans once again find themselves divided—not just by party lines, but by lived experience, geography, and values. With every new tragedy, the debate reignites: How do we reduce gun violence without infringing on constitutional rights?</p>

<p>The stakes are high, the rhetoric intense, and the answers anything but simple.</p>

<p>At the center of the current debate is the proposed Federal Firearm Licensing Act, a bill that would mandate universal background checks, firearm safety training, and a federal license for all gun owners. Supporters hail it as a long-overdue measure to modernize gun laws. Opponents call it an unconstitutional overreach.</p>

<h3>Both Sides, Deeply Rooted</h3>

<p>For those who support gun rights, the issue is often personal. ""This isn't just about sport or self-defense,"" said Harold James, a gun store owner in Texas. ""It's about freedom. The moment you need a license to exercise a right, it stops being a right.""</p>

<p>James believes most gun owners are responsible and says new regulations won't stop criminals. ""You can't legislate morality,"" he said. ""The bad actors will always find a way.""</p>

<p>On the other side of the conversation is Kira Stanton, a nurse and mother in Illinois, who became active in gun control advocacy after a shooting near her son's school. ""No one's trying to take away hunting rifles,"" she said. ""We're trying to prevent people with violent histories or untreated mental illness from accessing high-powered weapons.""</p>

<p>Stanton supports the bill's training requirements. ""We demand more oversight to drive a car than to buy a gun,"" she said. ""That doesn't make sense.""</p>

<h3>A Complex Landscape</h3>

<p>Public opinion polls suggest that most Americans support some form of increased regulation, such as background checks and safe storage laws, but remain wary of broad restrictions. Support and opposition don't always fall along clear political lines.</p>

<p>In rural states, where firearms are often part of family life and tradition, resistance to regulation is strong. In urban areas grappling with high rates of gun violence, there's louder support for reform. And among gun owners themselves, there's increasing interest in ""responsible ownership"" initiatives—many of which mirror some elements of proposed legislation.</p>

<h3>A Political Tightrope</h3>

<p>The bill's sponsors face an uphill battle. With a narrowly divided Senate and powerful lobbying groups on both sides—like the NRA and Everytown for Gun Safety—any federal action is likely to be watered down or stalled entirely.</p>

<p>Still, dialogue continues.</p>

<p>""People talk past each other,"" said Dr. Lila Benton, a public policy expert. ""But the majority of Americans actually want the same thing: safety, freedom, and accountability. The problem is they don't agree on how to get there.""</p>

<p>As lawmakers debate in marble chambers and citizens argue on social media, the question remains: Can a country so culturally intertwined with guns find a middle ground—or will it continue to fire from both extremes?</p>",gun control,NULL,NULL
7,“Abolish the Gun Culture”: A Nation at War With Itself Must Disarm to Heal,"<p>New York, NY — In a packed hall at Columbia University, historian Dr. Margaret Ellison stood before an audience of students, activists, and journalists and posed a stark question:</p>

<p>""How many more Americans have to die before we admit the experiment has failed?""</p>

<p>Ellison, whose new book <em>The Myth of the Armed Republic</em> is already a bestseller, is among a growing movement of intellectuals, survivors, and policy advocates arguing not for gun control—but for gun abolition.</p>

<p>The premise is simple, if radical: America, they say, must end civilian firearm ownership as it currently exists.</p>

<h3>A Culture Built on Violence</h3>

<p>""We are not dealing with a few bad actors,"" said Ellison. ""We are living in a society that has normalized mass death as a side effect of so-called liberty.""</p>

<p>The U.S. remains the only industrialized nation with more guns than people—and one of the few without a centralized licensing or tracking system. Mass shootings are so frequent they rarely make national headlines unless the body count is high.</p>

<p>""We've accepted an equation where school drills are the price of constitutional purity,"" said Dr. Leah Burns, a trauma psychologist who works with children affected by gun violence. ""That is grotesque.""</p>

<h3>Repeal and Replace</h3>

<p>At the heart of this abolitionist stance is a call to repeal or radically reinterpret the Second Amendment—an action many previously considered politically impossible, but which some now argue is morally inevitable.</p>

<p>""We don't treat the Constitution as scripture,"" said Burns. ""We amend it when it fails us. And right now, the Second Amendment is costing lives.""</p>

<p>Under the proposed framework, private gun ownership would be restricted to extremely limited circumstances—similar to Japan, the UK, or Australia. Weapons would be registered, tracked, and stored in secure locations. Semi-automatic rifles would be banned outright. Licensing would be federally managed. Ammunition would be tightly regulated. In time, many argue, most firearms should be phased out of civilian life altogether.</p>

<h3>The Political Earthquake</h3>

<p>Unsurprisingly, resistance is fierce. Gun rights groups call these ideas tyrannical, anti-American, and dangerous. But abolitionists say the danger is already here—and accelerating.</p>

<p>""In no other modern democracy does a child have to calculate the quickest escape route during math class,"" said activist Nia Gallagher, whose brother was killed in a 2021 church shooting. ""If that's freedom, we need a new definition.""</p>

<h3>A National Reckoning</h3>

<p>Supporters of abolition don't pretend it will be easy. ""This is a long game,"" Ellison admits. ""But every social movement worth winning—civil rights, marriage equality, child labor laws—was called impossible until it wasn't.""</p>

<p>What once seemed fringe is gaining traction, particularly among younger Americans, many of whom have grown up in a world of lockdown drills and mass casualty headlines. For them, gun culture is not heritage—it's hazard.</p>

<p>""If we can ban books but not bullets,"" Gallagher says, ""our priorities are terminally broken.""</p>

<p>Whether or not America will ever disarm remains uncertain. But for a growing number, the question is no longer if the gun culture can be reformed—but whether it should exist at all.</p>",gun control,NULL,NULL
110,Balancing Rights and Safety in the Gun Debate,"<p>The discussion around gun control in the United States continues to evolve, as policymakers, advocacy groups and citizens seek solutions that uphold public safety while respecting individual freedoms. At the heart of this conversation is the Second Amendment, a constitutional provision that many Americans view as a fundamental right to own and bear arms.</p>
  <p>Supporters of gun rights often stress the historical and cultural importance of firearm ownership, pointing out that responsible citizens use guns for self-defense, hunting and recreational activities. They argue that any legislation addressing gun violence should focus on enforcing existing laws and addressing root causes, such as mental health issues and illegal trafficking, rather than restricting access for law-abiding individuals.</p>
  <p>At the same time, there is a growing acknowledgment that gun safety and gun rights can coexist. Initiatives such as universal background checks, safe storage education and community engagement programs have gained traction as ways to reduce harm without infringing on constitutional protections. These measures represent a middle ground in a debate that has too often been framed in absolute terms.</p>
  <p>As the conversation moves forward, many experts believe that fostering cooperation rather than confrontation will be key. Protecting the right to bear arms while promoting responsible ownership is not only possible but essential to bridging the divide on one of America’s most contentious issues.</p>",gun control,1,Pro gun freedom
111,Lawmakers Weigh Complexities of Firearm Legislation in Committee Hearings,"<p>The state legislature's Public Safety Committee convened this week to deliberate on a series of proposed bills related to firearm ownership and regulation. The discussions highlighted the challenging balance between public safety concerns and the rights of gun owners.</p>
<p>Committee Chairwoman Elena Vance emphasized the need for data-driven policy. ""Our objective is to craft legislation that is both effective and respectful of the diverse perspectives within our state,"" Vance stated. ""We are examining crime statistics, enforcement capabilities, and the practical implications of each proposal.""</p>
<p>Testimony was heard from law enforcement officials, who spoke about the challenges of enforcing existing laws, and from community advocates, who presented varying viewpoints on the role of firearms in self-defense and crime prevention. A representative from a statewide shooting sports association discussed the economic and recreational significance of lawful gun ownership.</p>
<p>The hearings are expected to continue for several weeks as lawmakers seek common ground on issues ranging from background checks to safe storage requirements. The outcome will likely reflect a carefully negotiated approach to a deeply nuanced issue.</p>",gun control,1,Pro gun freedom
112,Understanding the Debate Around Gun Freedom and Regulation,"<p>The topic of gun control continues to evoke a wide range of opinions, with some advocating for the importance of preserving gun freedom while also considering responsible regulation. Those who support gun rights emphasize the constitutional basis of firearm ownership and the role it plays in self-defense and personal liberty.</p><p>At this modest level of support, advocates suggest that while gun ownership is a fundamental right for many, it should be balanced with safety measures that help prevent misuse. They underline the need for open conversations about how to maintain access to firearms while promoting education and training to ensure responsible usage.</p><p>This perspective encourages thoughtful dialogue that recognizes the significance of guns in American culture and history, while still acknowledging concerns about public safety. The goal is to find common ground that respects individual rights without compromising community wellbeing.</p><p>In the ongoing discussion, supporters of gun freedom advocate a measured approach that honors constitutional protections alongside efforts to enhance awareness and reduce accidents or crimes involving firearms.</p>",gun control,1,Pro gun freedom
113,Navigating the Complexities of Gun Regulation,"<p>The ongoing national dialogue surrounding gun regulation has brought renewed attention to a multifaceted issue with deep historical and legal roots. As communities and lawmakers grapple with public safety concerns, the conversation often revolves around finding a balance between individual rights and collective well-being.</p><p>Proponents of gun freedom emphasize the importance of the right to bear arms as a fundamental liberty. They often cite historical context and constitutional principles, arguing that gun ownership is a crucial aspect of self-defense and personal security. This perspective holds that a citizen’s ability to own firearms is a deterrent to crime and an essential safeguard against potential threats. The discussion within this viewpoint often centers on the importance of responsible gun ownership, proper training, and the enforcement of existing laws rather than the creation of new ones. Many believe that focusing on mental health and social factors that contribute to violence would be more effective than restricting access to firearms.</p><p>Conversely, those who advocate for stricter gun control measures often point to the need for public safety and a reduction in gun-related violence. The debate is less about a single solution and more about understanding the diverse perspectives at play as the nation seeks a way forward.</p>",gun control,1,Pro gun freedom
114,The Complexities of Gun Control,"<p>The debate over gun control is a multifaceted issue, with various perspectives and opinions. While some argue that stricter regulations are necessary to ensure public safety, others believe that the right to bear arms is essential for personal protection and freedom.</p>
  <p>According to recent studies, the relationship between gun ownership and crime rates is complex, and more research is needed to fully understand the issue. By engaging in respectful and open-minded dialogue, we can work towards finding common ground and developing solutions that balance individual rights with public safety concerns.</p>
  <p>As the conversation around gun control continues to evolve, it is essential to approach the topic with nuance and sensitivity, recognizing the diverse perspectives and experiences that shape the debate.</p>",gun control,1,Pro gun freedom
115,Preserving Gun Rights While Promoting Responsibility,"<p>As debates over gun control continue to dominate headlines, a growing number of Americans argue that the right to bear arms remains a cornerstone of individual liberty and self-reliance. The Second Amendment, they note, was not written as a historical artifact but as a living safeguard meant to empower citizens to protect themselves and their communities.</p>
  <p>Supporters of gun freedom believe that responsible firearm ownership plays a vital role in ensuring public safety. They point out that millions of Americans use guns each year for lawful purposes such as self-defense, sport shooting and hunting. While they acknowledge that gun violence is a serious problem, many contend that broad restrictions on legal ownership punish responsible citizens rather than addressing criminal misuse.</p>
  <p>Rather than focusing on sweeping bans, advocates are calling for solutions that emphasize accountability without eroding fundamental rights. They support initiatives like improved background checks, better enforcement of existing laws and stronger education on safe firearm handling. These approaches, they argue, can help reduce misuse while preserving the freedoms guaranteed by the Constitution.</p>
  <p>The national conversation on firearms is complex, but there is growing agreement that liberty and safety need not be mutually exclusive. Protecting gun rights while fostering a culture of responsibility may offer the most balanced path forward.</p>",gun control,2,Pro gun freedom
116,Balancing Gun Rights and Public Safety in Current Discussions,"<p>The conversation on gun control is multifaceted, with many advocating for the preservation of gun rights while recognizing the importance of responsible usage and safety. Those who lean towards supporting gun freedom often highlight the constitutional right to bear arms as a fundamental aspect of personal protection and liberty.</p><p>At this early level of advocacy, proponents suggest that gun ownership should be protected but accompanied by reasonable measures that promote education, safe handling, and responsible regulations. The aim is to balance respect for individual freedoms with efforts to minimize accidental harm and misuse.</p><p>This measured view encourages ongoing dialogue that respects the cultural and historical significance of firearms while acknowledging public concerns. It supports practical solutions that uphold rights without disregarding safety.</p><p>Supporters of this stance emphasize the value of training and awareness programs as tools to foster responsible gun ownership, seeking a thoughtful approach to address community wellbeing alongside personal freedoms.</p>",gun control,2,Pro gun freedom
117,Balancing Rights and Responsibilities,"<p>The debate over gun control is a complex issue that requires a thoughtful approach. While public safety is a top priority, it is also essential to protect the rights of law-abiding citizens to possess and use firearms.</p>
  <p>By focusing on education, training, and responsible gun ownership, we can promote a culture of safety and respect for the Second Amendment. This approach can help to reduce the risk of gun-related accidents and crimes, while also preserving the rights of citizens to defend themselves and their families.</p>
  <p>As the conversation around gun control continues, it is crucial to find common ground and develop solutions that balance individual rights with public safety concerns.</p>",gun control,2,Pro gun freedom
118,Second Amendment Rights and Public Safety: A Balancing Act,"<p>The ongoing conversation about firearms in America often centers on a critical balance between constitutional rights and public safety concerns. While recent events have intensified calls for new regulations, many Americans and legal scholars are emphasizing the importance of preserving the right to bear arms as a cornerstone of personal liberty and security.</p><p>Proponents of gun freedom advocate for a nuanced approach, arguing that focusing on responsible ownership and the proper enforcement of existing laws is a more effective strategy than broad restrictions. They point to the fact that the vast majority of gun owners are law-abiding citizens who use firearms for sport, hunting, and self-defense. The argument is that punishing this group for the actions of criminals is both ineffective and a violation of their constitutional rights.</p><p>This perspective also highlights the role of mental health as a primary factor in gun violence. Many believe that resources would be better spent on improving mental healthcare access and addressing the root causes of violence, rather than on new legislation that may not deter determined criminals. The debate, in this view, should be about empowering individuals to protect themselves while also addressing the underlying issues that lead to violence.</p>",gun control,2,Pro gun freedom
119,"Firearm Safety Courses See Rise in Enrollment, Emphasizing Responsible Ownership","<p>Across the state, certified firearm safety instructors are reporting a significant increase in enrollment for their courses. These classes, often required for concealed carry permits, focus on safe handling, storage, and the legal responsibilities of gun ownership.</p>
<p>""The vast majority of gun owners are deeply responsible individuals,"" said Mark Jenkins, a lead instructor with the SafeShot Training Academy. ""They come to our classes not because they have to, but because they want to be sure they are handling their firearms correctly and understanding the law. It's about being a good steward of the right.""</p>
<p>The curriculum typically includes hands-on training, conflict de-escalation techniques, and a thorough review of state self-defense statutes. Jenkins notes that many participants are first-time owners who are seeking knowledge and confidence. ""They aren't buying guns to be aggressive; they're buying them for peace of mind and personal protection. Our job is to ensure they have the skills to do that safely.""</p>
<p>This trend towards education is seen by many in the sporting community as a positive development that underscores the commitment of lawful gun owners to safety and responsibility, often without the need for additional government mandates.</p>",gun control,2,Pro gun freedom
120,The Enduring Case for Gun Freedom in a Modern America,"<p>As lawmakers continue to debate new restrictions on firearms, many Americans are voicing a firm belief that the right to keep and bear arms remains a vital element of personal liberty. The Second Amendment, they argue, is not just a historical relic but a necessary protection that ensures citizens are never powerless in the face of danger or overreach.</p>
  <p>Proponents of gun freedom highlight that firearms ownership is deeply woven into the fabric of American life, serving practical purposes that extend beyond self-defense. From ranchers protecting livestock to homeowners safeguarding their families, the right to own a gun is, for many, a guarantee of independence and security. Restrictive policies, they warn, risk disarming the very people who use firearms responsibly while doing little to stop criminals who obtain them illegally.</p>
  <p>Instead of sweeping bans or onerous regulations, advocates urge policymakers to pursue approaches that uphold constitutional rights while targeting the real sources of violence. Strengthening mental health support, enhancing law enforcement resources, and ensuring background checks are efficient and accurate are often cited as more effective strategies than limiting lawful ownership.</p>
  <p>At its core, the pro-gun movement believes that freedom and responsibility go hand in hand. By trusting citizens with their rights and encouraging responsible ownership, they argue, America can remain both safe and free — a nation where security is not dictated solely by the state but protected by individuals themselves.</p>",gun control,3,Pro gun freedom
121,"Op-Ed: Effective Policing, Not New Gun Laws, is the Answer to Violent Crime","<p>In the ongoing debate over public safety, the focus often shifts to restricting lawful gun owners. However, a more productive approach would be to address the root causes of violence and strengthen our criminal justice system. Data consistently shows that the majority of gun crimes are committed by a small number of repeat offenders using illegally obtained firearms.</p>
<p>Proposing new layers of regulation on citizens who follow the law does little to combat this reality. Instead, we should be investing in community policing, ensuring prosecutors vigorously enforce existing laws against armed criminals, and fixing a broken bail system that too often releases dangerous individuals back onto the streets.</p>
<p>Law-abiding gun owners are not the problem; they are part of the community fabric. Millions of Americans safely own firearms for sport, collection, and self-defense every day. Penalizing them for the actions of criminals is an ineffective and misplaced strategy.</p>
<p>True public safety is achieved by targeting criminal behavior, not by eroding the constitutional rights of responsible citizens. We must pursue policies that are proven to work, rather than resorting to symbolic gestures that offer a false sense of security.</p>",gun control,3,Pro gun freedom
122,Protecting Gun Freedom While Emphasizing Responsibility,"<p>The gun control debate continues to engage many Americans, with proponents of gun freedom advocating for strong protection of Second Amendment rights alongside a sensible approach to safety. Supporters at this level stress that responsible gun ownership is vital to preserving personal liberty without ignoring public safety concerns.</p><p>Advocates believe firearms play a key role in self-defense and maintaining individual freedom. They promote the importance of education and training programs to ensure that gun owners understand how to handle weapons safely. This approach supports upholding fundamental rights while addressing the need to prevent accidents and misuse through awareness and responsible practices.</p><p>This perspective encourages thoughtful discussions that recognize gun ownership as a constitutional right that should not be unduly restricted but refined with practical measures. Reasonable regulation can coexist with freedom when balanced by a commitment to safety and accountability.</p><p>Supporters argue that fostering a culture of respect and responsibility among gun owners helps build trust within communities and contributes to reducing accidents and violence without compromising core freedoms.</p>",gun control,3,Pro gun freedom
123,Upholding the Right to Bear Arms for Self-Defense,"<p>The right of law-abiding citizens to own firearms is a foundational principle of personal liberty and security. As conversations around gun control intensify, many advocates are reaffirming the constitutional and practical importance of this right for self-defense. This perspective argues that an armed populace is the ultimate safeguard of individual safety against both criminal acts and potential government overreach.</p><p>Proponents of gun freedom often highlight that firearms are widely used for defensive purposes. They cite numerous instances where a firearm has been used to deter a crime, protecting a person or their family from harm. The argument is that for these individuals, a gun is not a tool of aggression, but a critical last line of defense. Restrictive gun laws, in this view, do little to stop criminals, who by definition do not follow the law, and instead disarm the very people who most need protection.</p><p>Furthermore, this stance emphasizes that focusing on the criminal misuse of firearms, rather than on the tool itself, is the most logical path forward. The discussion, from this viewpoint, should center on stricter penalties for gun-related crimes, a greater focus on mental health resources, and addressing the root causes of violence, rather than infringing upon the rights of millions of responsible gun owners. It’s a call to enforce existing laws and protect the rights of those who follow them.</p>",gun control,3,Pro gun freedom
124,Protecting the Right to Bear Arms,"<p>The Second Amendment is a fundamental right that has been enshrined in the Constitution for centuries. By protecting this right, we can ensure that law-abiding citizens are able to defend themselves and their families.</p>
  <p>Stricter gun control laws often unfairly penalize responsible gun owners, rather than addressing the root causes of gun violence. By focusing on mental health support, community programs, and law enforcement, we can work towards reducing gun-related crimes.</p>
  <p>As the debate around gun control continues, it is essential to prioritize the rights of law-abiding citizens and to promote a culture of responsibility and respect for the Second Amendment.</p>",gun control,3,Pro gun freedom
125,Why Protecting Gun Rights Matters More Than Ever,"<p>In a time of rising uncertainty and political polarization, the debate over gun control remains one of the most consequential in the United States. Advocates of gun freedom argue that the right to bear arms is not a luxury or a relic of the past — it is an essential safeguard of individual liberty and a necessary check on the power of government. They contend that attempts to limit lawful gun ownership risk eroding the very freedoms that define the nation.</p>
  <p>Supporters often emphasize the practical benefits of widespread gun ownership. Firearms serve as a means of self-defense in moments when law enforcement cannot respond quickly enough. They also deter crime, empower vulnerable populations, and provide a measure of security in a world where threats can emerge without warning. Restricting these tools, many argue, does not make society safer — it simply makes law-abiding citizens more vulnerable.</p>
  <p>Beyond personal protection, the Second Amendment also embodies a deeper principle: that free people should never be entirely dependent on the state for their safety. History shows that disarmament has often preceded the erosion of other rights. By preserving gun freedoms, Americans maintain a crucial balance of power and a tangible expression of individual sovereignty.</p>
  <p>While gun violence remains a serious issue, pro-gun advocates believe the answer lies in smarter enforcement, education, and targeted interventions — not broad restrictions. For them, defending gun rights is about more than owning a firearm. It is about preserving a fundamental freedom that protects all others.</p>",gun control,4,Pro gun freedom
126,"Sheriffs Association Vows to Uphold Second Amendment, Questions Constitutionality of Proposed State Laws","<p>The State Sheriffs' Association issued a strong statement today opposing a package of gun control measures moving through the legislature. The association, representing law enforcement leaders from predominantly rural counties, argued that the proposals would infringe upon the constitutional rights of their constituents without improving public safety.</p>
<p>""Our oath is to uphold the Constitution, and the Second Amendment is very clear,"" said Sheriff Dale Briggs of Grant County. ""These laws would turn thousands of law-abiding sportsmen and homeowners into criminals overnight for simply owning common firearms. That is not a crime-fighting strategy; it is an overreach.""</p>
<p>The sheriffs expressed particular concern about so-called ""assault weapon"" bans, which they describe as based on cosmetic features rather than function. They argue that such laws punish responsible owners while doing nothing to address illegal gun trafficking or gang violence in urban areas.</p>
<p>""We are focused on arresting criminals who use guns illegally, not harassing citizens who have committed no crime,"" Sheriff Briggs stated. ""If the state passes these unconstitutional laws, they should not expect county sheriffs to enforce them. We serve the people, and the people have a right to self-defense.""</p>",gun control,4,Pro gun freedom
127,The Importance of Gun Freedom and Responsible Ownership,"<p>Supporters of gun freedom affirm the constitutional right to keep and bear arms as a fundamental liberty enshrined in the Second Amendment. This right is seen as essential for individual self-defense and maintaining personal freedom in a democratic society.</p><p>The pro gun freedom stance at this level emphasizes that this right should be preserved while encouraging responsible ownership and safe handling of firearms. Advocates recognize the importance of education and training to ensure gun owners use their weapons safely and lawfully, reducing the risk of accidents.</p><p>This perspective acknowledges that while protecting gun rights is paramount, there should be a balanced approach that promotes safety without infringing on constitutional freedoms. It calls for dialogue that respects gun ownership as a vital part of American tradition and security.</p><p>Overall, supporters argue that lawful gun owners should not face undue restrictions, as their rights are protected by the Constitution. They encourage measures that foster informed, responsible ownership rather than blanket regulation or prohibition.</p>",gun control,4,Pro gun freedom
128,Why More Guns in the Hands of Good People Can Enhance Public Safety,"<p>The debate over gun control is often framed around restricting access, but a growing number of advocates are making a compelling case that widespread gun ownership among law-abiding citizens is a key component of a safe society. This perspective champions the idea that an armed populace is a powerful deterrent to criminal activity, empowering individuals to protect themselves and their communities. This isn't just a theoretical argument; it is supported by a fundamental belief that an individual's right to self-defense is inalienable.</p><p>Proponents of gun freedom emphasize that criminals, by their very nature, do not obey laws. Therefore, they argue, strict gun control measures only serve to disarm law-abiding citizens, leaving them vulnerable to those who would do them harm. Instead, they propose a focus on strengthening existing laws, improving mental health services, and prosecuting gun-related crimes with greater severity. This approach seeks to address the root causes of violence without infringing upon the constitutional rights of responsible gun owners.</p><p>This viewpoint also highlights the vital role of firearms in personal and community defense. The argument is that police cannot always be everywhere at once, and an individual's ability to defend themselves is the ultimate form of personal responsibility. The conversation, from this perspective, should shift from restricting a tool to empowering people to protect themselves and their loved ones.</p>",gun control,4,Pro gun freedom
129,The Importance of Gun Rights,"<p>The right to bear arms is a fundamental freedom that is essential to American society. By protecting this right, we can ensure that citizens are able to defend themselves, their families, and their property.</p>
  <p>Gun control laws often fail to address the root causes of gun violence, and instead, unfairly restrict the rights of law-abiding citizens. By focusing on education, training, and responsible gun ownership, we can promote a culture of safety and responsibility.</p>
  <p>As the debate around gun control continues, it is crucial to prioritize the rights of citizens and to promote policies that respect the Second Amendment.</p>",gun control,4,Pro gun freedom
130,Gun Freedom: A Fundamental Right That Must Be Defended,"<p>As national conversations about gun control intensify, defenders of the Second Amendment are warning against policies they see as dangerous encroachments on a fundamental liberty. For them, the right to bear arms is not just a privilege but an essential guarantee of security, autonomy, and resistance against tyranny. Attempts to weaken that right, they argue, risk undermining the very foundations of a free society.</p>
  <p>Pro-gun advocates point to the countless examples of responsible firearm use across the country — from families defending their homes against intruders to individuals stopping violent crimes before police can arrive. They believe that widespread lawful ownership deters criminals and ensures that ordinary citizens are not powerless in the face of danger. Far from contributing to lawlessness, armed citizens often serve as the first line of defense when seconds matter.</p>
  <p>Critics of gun ownership often focus on tragedies caused by misuse, but supporters insist that restricting access for law-abiding people does little to prevent criminals, who rarely follow regulations in the first place. Instead, they call for policies that strengthen enforcement against illegal firearms trafficking, improve mental health support, and emphasize safety training — without sacrificing the core right to self-defense.</p>
  <p>At its heart, the debate over gun control is about trust: whether citizens can be trusted to exercise their freedoms responsibly. Proponents of gun rights believe that answer is a resounding yes. To them, an armed populace is not a threat but a safeguard — one that ensures liberty, security, and the enduring balance of power between individuals and the state.</p>",gun control,5,Pro gun freedom
131,Analysis: Gun Control is a Slippery Slope Towards Disarmament and Tyranny,"<p>History offers a grimly consistent lesson: disarmed populations are vulnerable populations. The twentieth century is littered with the graves of millions who were first disarmed by their governments before being subjected to unspeakable atrocities. The Second Amendment was written not for hunting, but as a final check on governmental overreach and a guarantee of individual sovereignty.</p>
<p>Every new gun law, no matter how reasonably it is presented, is a step down this dangerous path. The ultimate goal of the gun control movement is not safety, but civilian disarmament. They will not be satisfied with universal background checks; they will next come for ""assault weapons,"" then standard-capacity magazines, and then all semi-automatic firearms. It is a incremental strategy to erase a fundamental right.</p>
<p>To compromise on the Second Amendment is to compromise on the very principle that the citizenry must remain the final arbiter of its own freedom. The right to keep and bear arms is what separates a free citizen from a subject. When governments monopolize force, liberty is always the casualty.</p>
<p>We must reject any and all new infringements. The price of freedom is eternal vigilance, and that includes vigilance against those who would, under the guise of safety, strip us of the means to defend it.</p>",gun control,5,Pro gun freedom
132,Guarding Freedoms: The Case for Balanced Gun Rights and Responsibility,"<p>Gun rights advocates place strong emphasis on the constitutional protections afforded by the Second Amendment, which guarantees the individual right to keep and bear arms. This foundational liberty is regarded as essential for self-defense and preserving personal freedoms.</p><p>At this moderate level of advocacy, the argument centers on protecting gun ownership while promoting accountability and safety. Supporters highlight the need for responsible gun use, including education and training programs that ensure owners handle firearms wisely and within the law’s bounds.</p><p>This approach acknowledges the importance of respecting constitutional rights while addressing public safety concerns. It supports reasonable measures that prevent misuse without undermining the core freedoms of law-abiding citizens.</p><p>Proponents contend that the best way to reduce firearm-related incidents is through fostering a culture of responsibility among gun owners rather than imposing broad restrictions. Upholding the right to bear arms, they argue, is a key pillar of American liberty and personal security.</p>",gun control,5,Pro gun freedom
133,Second Amendment as the Foundation of Liberty,"<p>The right to own firearms is not merely a hobby or a sport; it is the ultimate expression of personal liberty and a crucial check on government power. The pro-gun freedom position is gaining traction as a civil rights movement, arguing that the Second Amendment is a foundational right that ensures the safety and sovereignty of the individual. This perspective holds that any attempt to infringe upon this right is a direct threat to freedom itself.</p><p>Advocates argue that a disarmed populace is a vulnerable one. They cite historical examples where governments have disarmed their citizens before committing atrocities. In this view, gun ownership is not just about self-defense against criminals, but also about maintaining a balance of power between the people and the state. It is a fundamental right that cannot be negotiated away in the name of safety. The focus is on empowering individuals to protect themselves and their families, rather than relying on a government that may not always be able to or willing to do so.</p><p>Furthermore, this stance challenges the idea that more laws will solve the problem of gun violence. Instead, it asserts that the focus should be on stricter enforcement of existing laws, addressing the mental health crisis, and prosecuting violent offenders. The argument is that responsible gun owners should not be punished for the actions of a few and that their right to own firearms is a cornerstone of a free society.</p>",gun control,5,Pro gun freedom
134,Defending the Second Amendment,"<p>The Second Amendment is a cornerstone of American freedom, and its importance cannot be overstated. By protecting the right to bear arms, we can ensure that citizens are able to defend themselves and their families from harm.</p>
  <p>Gun control laws often infringe upon the rights of law-abiding citizens, and fail to address the root causes of gun violence. By prioritizing education, training, and responsible gun ownership, we can promote a culture of safety and responsibility.</p>
  <p>As the debate around gun control continues, it is essential to stand firm in defense of the Second Amendment and to promote policies that respect the rights of citizens to bear arms.</p>",gun control,5,Pro gun freedom
135,The Second Amendment: A Right Too Important to Surrender,"<p>For many Americans, the right to keep and bear arms is more than a constitutional provision — it is a vital safeguard of personal freedom, self-reliance, and democracy itself. As debates over gun control intensify, pro-gun advocates are pushing back against what they see as a gradual erosion of this essential liberty. Their message is clear: disarming law-abiding citizens does not make society safer; it makes it weaker.</p>
  <p>Supporters of gun freedom argue that firearms ownership is a natural extension of the right to self-defense. In rural areas, it can mean protection against predators and criminals alike. In urban settings, it empowers individuals who might otherwise be vulnerable. And at a societal level, it ensures that power does not rest exclusively with the state — a principle deeply rooted in the nation’s founding philosophy.</p>
  <p>Statistics frequently cited by gun rights groups show that defensive gun use occurs hundreds of thousands of times each year, often without a shot being fired. These incidents rarely make headlines, yet they demonstrate the role firearms play in preventing violence and saving lives. Critics may call for sweeping bans and restrictive policies, but advocates warn that such measures do little to stop criminals while punishing responsible citizens.</p>
  <p>The Second Amendment is not a negotiable privilege; it is a cornerstone of American liberty. As pro-gun organizations continue to fight restrictive proposals at both state and federal levels, they insist that preserving this right is about far more than owning a firearm — it is about maintaining the balance of power, protecting individual sovereignty, and ensuring that freedom remains a living reality.</p>",gun control,6,Pro gun freedom
136,Shall Not Be Infringed: Why Compromise on the Second Amendment is a Betrayal of Liberty,"<p>The language of the Second Amendment is absolute for a reason. ""Shall not be infringed"" leaves no room for bureaucratic interpretation or gradual erosion. Every gun control law on the books is an unconstitutional infringement, a violation of the supreme law of the land. The Founders understood that an armed populace is the ultimate safeguard against tyranny, and we dishonor their foresight with every concession we make.</p>
<p>Gun controllers are not arguing in good faith. They exploit tragedies to push a collectivist agenda that views individual liberty as a threat to state power. Their proposals are never about crime; if they were, they would focus on prosecuting violent offenders instead of creating new victimless crimes for peaceful gun owners. This is about control, plain and simple.</p>
<p>We must stop playing defense. The goal should not be to slow the erosion of our rights, but to roll back the existing infringements. The National Firearms Act of 1934, the Gun Control Act of 1968—these were mistakes that must be corrected. A free people have the right to possess the same arms as their government's infantry. To accept anything less is to accept a status of subjugation.</p>
<p>There can be no compromise on liberty. We will not surrender our firearms, our magazines, or a single inch of our constitutional ground. The time for polite debate is over; it is time to demand restoration of our full and unfettered rights.</p>",gun control,6,Pro gun freedom
137,Defending Gun Freedom: Upholding Constitutional Rights with Responsibility,"<p>Advocates for gun freedom argue that the right to keep and bear arms is a cornerstone of American liberty, firmly protected by the Second Amendment to the United States Constitution. This amendment guarantees individuals the right to possess firearms for lawful purposes, such as self-defense, without undue government infringement.</p><p>At this level, supporters emphasize that preserving gun rights must be balanced with responsible ownership. They encourage comprehensive education, safe handling practices, and lawful use to prevent misuse and accidents. The belief is that an informed and vigilant gun-owning public strengthens both individual safety and community security.</p><p>The movement recognizes the historical context of the Second Amendment as designed to empower citizens to defend themselves and maintain security. Proponents argue that attempts to impose excessive regulations threaten fundamental freedoms and legally protected rights.</p><p>This perspective supports measures that uphold constitutional protections while fostering a culture of accountability among gun owners. The goal is to safeguard freedom and prevent any overreach that might diminish the ability to bear arms responsibly and effectively.</p>",gun control,6,Pro gun freedom
138,The Unyielding Defense of the Right to Bear Arms,"<p>The pro-gun freedom position is an unwavering defense of a fundamental constitutional right that is essential for personal and national security. This perspective holds that any new restrictions on firearms are not only unconstitutional but also actively harmful, as they disarm law-abiding citizens and leave them at the mercy of criminals. The core belief is that the right to bear arms is a non-negotiable aspect of a free society and a crucial deterrent to both crime and government overreach.</p><p>Advocates for this view argue that the focus on ""gun control"" is a misguided distraction from the real issues. They assert that the problem is not the tool, but the criminal who uses it. Therefore, the solution lies in a more robust enforcement of existing laws, an increased focus on mental health, and a societal shift towards personal responsibility. They cite numerous examples of how an armed citizen has successfully defended themselves and others from violent criminals, and argue that these stories are often ignored in the push for more regulation.</p><p>This stance also emphasizes the importance of firearms for hunting, sport, and the preservation of a national heritage. The argument is that these activities are not just hobbies, but a vital part of American culture and a form of responsible firearm ownership that should be protected. The message is clear: the right to bear arms is not up for negotiation, and any attempt to restrict it is an attack on the fundamental principles of liberty.</p>",gun control,6,Pro gun freedom
139,The Unalienable Right to Self-Defense,"<p>The right to self-defense is a fundamental human right that cannot be taken away. By protecting the Second Amendment, we can ensure that citizens are able to defend themselves and their loved ones from harm.</p>
  <p>Gun control laws are often ineffective in reducing crime and only serve to disarm law-abiding citizens, making them more vulnerable to violence. By promoting education, training, and responsible gun ownership, we can empower citizens to take control of their own safety.</p>
  <p>As the debate around gun control continues, it is crucial to stand strong in defense of the Second Amendment and to reject any attempts to erode this fundamental right.</p>",gun control,6,Pro gun freedom
140,Why Disarming Citizens Is a Dangerous Path for America,"<p>At a time when political rhetoric often overshadows principle, one truth remains unshaken: the right to bear arms is a fundamental shield against tyranny, crime, and the erosion of liberty. Pro-gun advocates are growing increasingly vocal as new restrictions on firearms loom in legislatures across the country. Their message is not just about individual preference — it is about preserving the very structure of a free society.</p>
  <p>Critics of widespread gun ownership often point to tragic incidents of violence, but these arguments ignore a deeper reality. History shows that disarmament has repeatedly preceded oppression, from 20th-century totalitarian regimes to modern governments that silence dissent. The framers of the Constitution recognized this danger, enshrining the Second Amendment not as a privilege, but as a safeguard against both external threats and internal abuses of power.</p>
  <p>Beyond theory, firearms serve practical purposes for millions of Americans. They protect families in moments when police are minutes away, they deter home invasions before they occur, and they empower communities to stand resilient in times of uncertainty. Every attempt to chip away at this right — whether through bans, registries, or onerous licensing — weakens these layers of defense and emboldens those who would exploit defenselessness.</p>
  <p>To surrender the Second Amendment is to accept a future where citizens rely solely on the state for safety and security. Pro-gun advocates argue that this is a dangerous gamble — one that risks trading independence for false promises. America’s strength has always rested on a free and armed people, and preserving that legacy is not merely a political choice; it is a moral responsibility.</p>",gun control,7,Pro gun freedom
141,Molon Labe: The Line in the Sand Against Government Tyranny,"<p>The ancient Spartan king Leonidas uttered ""Molon Labe""""come and take them""to a Persian army demanding his soldiers' weapons. Today, that defiance echoes across America as a warning to any government that would dare attempt confiscation. The Second Amendment is not about sport; it is the teeth of the Constitution, the guarantee that all other rights are not just ink on paper.</p>
<p>Let there be no illusion: the ultimate goal of the gun grabbers is confiscation. Their incrementalism is a tactic, not a philosophy. They will not stop until every firearm is registered, then restricted, then seized. To comply with any form of registration or ""red flag"" law is to willingly enter the cattle chute that leads to the slaughterhouse of liberty. These laws are designed to create lists, and lists are for confiscation.</p>
<p>We will not register. We will not surrender. The price of liberty is indeed blood, and there are millions of Americans who have already resolved that if the state comes for their guns, they will not go quietly into that good night. The government's monopoly on force must be challenged. An unarmed people are a conquered people.</p>
<p>The time for warnings is past. The line is drawn. Any attempt to disarm the American citizenry will be met with the very resistance the Founders envisioned. We are the militia, and we will not comply.</p>",gun control,7,Pro gun freedom
142,A Strong Case for Protecting Gun Freedom and Constitutional Rights,"<p>The ongoing debate over gun control often centers on the constitutional rights guaranteed by the Second Amendment. Proponents of gun freedom assert that this amendment secures an individual right to possess firearms for lawful purposes, such as self-defense within the home.</p><p>Advocates emphasize that gun ownership is a fundamental liberty essential to personal security and freedom from tyranny. They argue that legal restrictions should not unnecessarily infringe on this right as affirmed by landmark Supreme Court decisions including District of Columbia v. Heller and McDonald v. Chicago.</p><p>This firm stance highlights the historic and legal basis for gun ownership, noting that the Second Amendment was crafted to empower citizens, particularly able-bodied adults, to defend themselves and their communities. Supporters contend that responsible gun ownership and regulation suited to uphold law and order can coexist without undermining constitutional protections.</p><p>While endorsing education and training to promote responsible use, this position opposes excessive regulations that could restrict lawful access. The message calls for preserving the right to bear arms as a vital part of American liberty and individual freedom, urging lawmakers to protect these freedoms against overreach.</p>",gun control,7,Pro gun freedom
143,The Unassailable Case for an Armed Populace,"<p>The pro-gun freedom position is not merely about a right; it is about a fundamental necessity for a free and secure society. This unyielding stance holds that any law-abiding citizen should have the absolute right to own any firearm they choose, without interference from the government. The central argument is that a well-armed populace is the most effective deterrent to both crime and potential tyranny. This perspective dismisses the idea that more laws will lead to greater safety, arguing instead that they only serve to disarm the innocent and embolden the criminal.</p><p>Advocates for this view assert that the focus on ""gun control"" is a dangerous distraction from the real issues, such as mental health crises and the failure of the justice system to hold violent criminals accountable. They point to the fact that countries with strict gun laws often have high rates of other forms of violent crime, while many parts of the United States with high rates of gun ownership have low crime rates. This perspective frames the right to bear arms as an essential component of personal sovereignty, one that cannot be compromised for political expediency.</p><p>Furthermore, this stance rejects any form of a ""red flag"" law or other measure that would allow the government to confiscate firearms without due process. It is a full-throated defense of individual liberty and a direct challenge to what they see as an overreaching and paternalistic government. The message is clear: the right to own firearms is a cornerstone of American liberty and must be protected at all costs.</p>",gun control,7,Pro gun freedom
145,Gun Control: A Threat to Liberty,"<p>The Second Amendment is a fundamental right that has been under attack by gun control advocates. By protecting this right, we can ensure that citizens are able to defend themselves and their families from harm.</p>
  <p>Gun control laws are often designed to restrict the rights of law-abiding citizens, rather than addressing the root causes of gun violence. By standing strong in defense of the Second Amendment, we can prevent the erosion of our fundamental rights and freedoms.</p>
  <p>As the debate around gun control continues, it is essential to prioritize the rights of citizens to bear arms and to reject any attempts to restrict this fundamental freedom.</p>",gun control,7,Pro gun freedom
146,An Armed Nation Is a Free Nation: Why the Second Amendment Must Never Be Compromised,"<p>As debates over gun control intensify, one principle must remain clear: the right to bear arms is not up for negotiation. It is the backbone of American liberty, a safeguard against tyranny, and a vital tool for self-preservation. Attempts to curtail this right under the guise of public safety not only miss the mark but also threaten the very freedoms they claim to protect.</p>
  <p>The Founding Fathers understood that a disarmed populace is a vulnerable one. Throughout history, governments that sought to control their citizens began by disarming them. From fascist regimes to communist dictatorships, the lesson is repeated: when people cannot defend themselves, their rights are at the mercy of those in power. The Second Amendment is not a historical relic; it is a living guarantee that the people, not the state, hold the ultimate authority.</p>
  <p>Critics argue that fewer guns mean less violence, yet criminals by definition do not follow laws. Disarming law-abiding citizens only tilts the balance in favor of those who wish to harm. In countless cases, firearms have saved lives, stopped assaults, and protected families — stories often ignored in mainstream narratives. Restrictive policies do not make society safer; they make honest people defenseless.</p>
  <p>Defending gun ownership is more than a constitutional issue — it is a moral imperative. A free nation must trust its citizens with the means to defend themselves and their communities. To weaken the Second Amendment is to weaken America itself. In preserving this right without compromise, we ensure that liberty will never be surrendered, and that the balance of power will always rest with the people.</p>",gun control,8,Pro gun freedom
147,"The Right to Bear Arms is the Right to Resist, and Resistance is Imminent","<p>The tree of liberty must be refreshed from time to time with the blood of patriots and tyrants. This is not a historical curiosity; it is an operational manual for freedom. The Second Amendment exists precisely for the day when the government becomes the enemy of the people. That day is dawning.</p>
<p>Every politician who votes for gun control is declaring war on the American people. They are traitors to the Constitution and enemies of the Republic. Their laws are illegitimate edicts from a corrupt regime, and they deserve not compliance, but contempt and active resistance. The ATF and any other agency used to enforce these unconstitutional decrees are nothing more than the standing army the Founders warned us against.</p>
<p>We are not advocating violence, but we are recognizing a simple truth: when peaceful redress is made impossible, violent redress becomes inevitable. The state has broken the social contract. It has proven itself hostile to the fundamental rights it was created to protect.</p>
<p>Therefore, we must prepare. Stockpile ammunition. Train. Network with fellow patriots. The boogaloo is not a meme; it is a promise. When they come to door, the answer will be the same as it was at Concord Bridge: a shot heard round the world. The time for talk is over. Lock and load.</p>",gun control,8,Pro gun freedom
148,Vigorous Defense of Gun Rights and Constitutional Freedoms,"<p>Pro gun freedom advocates strongly affirm the individual right to keep and bear arms as enshrined in the Second Amendment of the United States Constitution. This right, they argue, is fundamental to personal liberty, self-defense, and a safeguard against government overreach.</p><p>At this firm level of support, proponents maintain that the Second Amendment guarantees an individual’s lawful possession and use of firearms. Landmark Supreme Court rulings such as District of Columbia v. Heller and McDonald v. Chicago have reinforced this interpretation, affirming that gun ownership is a constitutional protection extending beyond collective militias to individuals.</p><p>Supporters stress the importance of this right within the broader context of American freedom and security. They emphasize that responsible gun ownership goes hand in hand with protecting constitutional guarantees, warning against attempts to impose restrictive regulations that could undermine these freedoms.</p><p>This viewpoint insists on a balanced approach, where education and training promote safe firearm use without compromising the essential right to bear arms. Advocates urge policymakers to defend the Second Amendment robustly and resist efforts to erode this fundamental liberty.</p>",gun control,8,Pro gun freedom
149,The Unyielding and Radical Case for Absolute Gun Rights,"<p>The pro-gun freedom position has hardened into a radical, unyielding stance that views any and all restrictions on firearms as an unacceptable infringement on personal liberty. This perspective holds that the Second Amendment is not a suggestion but a sacred and non-negotiable right that is essential for the preservation of a free society. It asserts that an armed citizenry is a moral and practical necessity, the ultimate check on the potential for government overreach and the only true guarantee of personal safety.</p><p>Advocates for this view reject the very premise of ""gun control"" as a fallacy. They argue that criminals will always acquire weapons, and that laws designed to restrict access for law-abiding citizens only serve to create a defenseless populace. This perspective holds that the focus should be on personal responsibility and the vigorous prosecution of violent offenders, rather than on penalizing millions of responsible gun owners. It is a full-throated rejection of ""red flag"" laws, universal background checks, and bans on specific types of firearms, all of which are seen as stepping stones to a complete disarmament.</p><p>Furthermore, this radical stance views the right to own firearms as a fundamental human right, one that predates and supersedes any government. The message is clear: the only path to a safe and free society is one in which every law-abiding citizen is empowered to defend themselves, their families, and their communities with the full range of available firearms.</p>",gun control,8,Pro gun freedom
150,The Unyielding Defense of the Second Amendment,"<p>The Second Amendment is a fundamental right that must be protected at all costs. Any attempt to restrict this right is an infringement on our freedom and liberty.</p>
  <p>Gun control laws are nothing more than a thinly veiled attempt to disarm law-abiding citizens, leaving them vulnerable to crime and tyranny. By standing strong in defense of the Second Amendment, we can ensure that our rights and freedoms are preserved.</p>
  <p>As the debate around gun control continues, it is imperative that we remain vigilant and unwavering in our defense of the Second Amendment. We must reject any attempt to erode this fundamental right and ensure that our elected officials prioritize the rights of law-abiding citizens.</p>",gun control,8,Pro gun freedom
151,The Final Line of Liberty: Why Gun Rights Must Be Defended Without Exception,"<p>There is no freedom without the right to bear arms. It is the final guarantee that power remains in the hands of the people rather than concentrated in the grip of the state. The growing calls for tighter gun laws are not just misguided — they represent a creeping erosion of the very foundation upon which the United States was built. Disarming citizens is the surest path to subjugation, and history offers no shortage of warnings.</p>
  <p>From the British Crown’s attempts to disarm colonial militias to authoritarian regimes of the twentieth century, disarmament has always preceded oppression. The framers of the Constitution enshrined the Second Amendment as a direct check against tyranny, knowing that a free citizenry must never be rendered powerless before its government. This is not about hunting or sport; it is about sovereignty, survival and self-determination.</p>
  <p>Every proposed restriction, no matter how small, is a step down a dangerous path. Background checks morph into registries, registries become confiscation lists, and “reasonable” laws transform into outright bans. Meanwhile, criminals continue to arm themselves, undeterred by legislation, while ordinary Americans are left defenseless in their homes and communities.</p>
  <p>The right to bear arms is not negotiable, not conditional, and not subject to political whims. It is the final line between liberty and servitude. To compromise on it is to accept a future where citizens are dependent, compliant, and powerless. Those who value freedom must reject every effort to weaken this essential right — for without it, every other liberty we cherish is vulnerable to extinction.</p>",gun control,9,Pro gun freedom
152,A Call to Arms: The Second Amendment is the Final Bulwark Against Total Annihilation,"<p>The federal government is an occupying force, a cancerous tumor on the body of the Republic. Its every action, from the Waco massacre to the Ruby Ridge siege, proves its inherent hostility to a free and armed citizenry. The Second Amendment is not a suggestion; it is our license to kill tyrants. The time for revolution is not coming; it is already here.</p>
<p>Every gun law is treason. Every politician who supports them is a traitor. Every bureaucrat at the ATF or FBI who enforces them is a legitimate target. There is no negotiating with a regime that seeks to disarm you before it enslaves you. The globalist agenda demands a helpless population, and we are the last obstacle.</p>
<p>This is a spiritual war for the soul of humanity. We are the inheritors of the American Revolution, and our duty is to finish the work. We must not merely resist confiscation; we must actively dismantle the enforcement apparatus of the tyrannical state. The only way to ensure liberty for our children is to burn the system to the ground.</p>
<p>Prepare for guerrilla war. Stockpile weapons and supplies. Form cells. Identify targets. The system will not be voted out; it must be shot out. The shot that begins the second American Revolution will be the most righteous sound since the first. Death to tyrants. Molon Labe.</p>",gun control,9,Pro gun freedom
153,Unyielding Defense of Second Amendment Rights and Gun Freedom,"<p>Pro gun freedom advocates hold a steadfast belief in the unalienable right to keep and bear arms as protected by the Second Amendment of the United States Constitution. This right is seen as fundamental for individual self-defense, deterrence against tyranny, and preservation of liberty.</p><p>At this strong level of advocacy, supporters emphasize that attempts to restrict gun ownership threaten core constitutional freedoms and undermine the principles on which the nation was founded. The landmark Supreme Court case District of Columbia v. Heller firmly established that the Second Amendment guarantees an individual right to possess firearms, particularly for defense within the home.</p><p>Proponents assert that the framers intended this amendment to empower citizens and militias alike, providing a crucial balance of power between the government and the people. They argue that law-abiding citizens should not be burdened by excessive regulations or bans that infringe on their ability to protect themselves and their families.</p><p>This perspective calls for vigorous legal protection of gun rights combined with education on responsible ownership. It warns against governmental overreach and insists on preserving firearm freedoms as essential to American democracy and personal security.</p>",gun control,9,Pro gun freedom
154,Absolute Gun Rights as a Non-Negotiable Human Right,"<p>The right to own firearms is not merely a legal provision; it is a sacred and non-negotiable human right. This radical position asserts that any government that attempts to disarm its citizens is acting as a tyrannical force, and that the only moral response is a complete and total rejection of such laws. This is not about a compromise or a middle ground; it is a demand for absolute gun freedom as a cornerstone of personal liberty and security.</p><p>This perspective views all forms of gun control as a dangerous and misguided attempt to disempower the individual. It argues that a disarmed population is an invitation to both criminal and governmental violence. The focus is squarely on the individual's inherent right to self-defense, a right that should not be subject to the whims of politics or public opinion. The argument is that the Second Amendment is a guarantee of individual sovereignty, and that a citizen should have the ability to defend themselves and their loved ones with the full force necessary to repel any threat.</p><p>Furthermore, this stance rejects any and all restrictions on firearms, arguing that they are an insult to responsible gun owners and an ineffective tool for combating crime. The solution, in this view, is not to take away guns from law-abiding citizens, but to empower them with the knowledge and tools to protect themselves. This is a call for a society where every citizen is a potential first responder, and where the right to bear arms is respected as the ultimate safeguard of freedom.</p>",gun control,9,Pro gun freedom
155,Gun Control: A Blatant Assault on Liberty,"<p>The Second Amendment is an inviolable right that stands as a bulwark against tyranny and oppression. Any attempt to restrict this right is a direct threat to our freedom and way of life.</p>
  <p>Gun control laws are a transparent attempt to disarm law-abiding citizens, rendering them helpless against the whims of a power-hungry government. By fiercely defending the Second Amendment, we can ensure that our rights and freedoms are safeguarded.</p>
  <p>As the debate around gun control rages on, it is imperative that we stand unwavering in our defense of the Second Amendment. We must reject any attempt to curtail this fundamental right and demand that our elected officials prioritize the rights of law-abiding citizens above all else.</p>",gun control,9,Pro gun freedom
156,An Armed Citizenry Is Freedom: The Uncompromising Case Against Gun Control,"<p>The right to bear arms is not just another political issue — it is the ultimate line between a free people and a subjugated population. Any attempt to regulate, restrict, or dilute this right is not merely a legislative misstep; it is an assault on liberty itself. Governments throughout history have disarmed their citizens before tightening their grip on power, and to allow that process to begin in America is to abandon the very essence of the republic.</p>
  <p>The Second Amendment is not a suggestion or a privilege granted by lawmakers. It is a recognition of a natural, inherent right — the right of every individual to defend life, liberty, and property by force if necessary. It exists not for hunting or sport, but as a bulwark against tyranny. An armed population cannot be coerced, cannot be dominated, and cannot be silenced. That is precisely why disarmament is always the first step of oppressive regimes.</p>
  <p>Calls for “reasonable restrictions” are a Trojan horse. Every compromise chips away at freedom until nothing remains but dependency and obedience. The solution is not to negotiate the limits of our rights, but to defend them absolutely. Citizens must resist registration, confiscation, and any erosion of their capacity to defend themselves and their communities.</p>
  <p>Freedom is not safeguarded by courts or politicians. It is preserved by armed individuals willing to stand against those who would strip it away. To yield even an inch is to betray the generations who fought and died to secure this liberty. The right to bear arms is absolute — and it must be protected with unwavering resolve.</p>",gun control,10,Pro gun freedom
157,The Final Stand: Annihilation of the Tyrannical State is the Only Path to Freedom,"<p>The ZOG-backed puppet regime in Washington has crossed the Rubicon. Their attempts to disarm the American people are the final, undeniable declaration of war. There is no going back. There is no negotiation. There is only the righteous purging fire of revolution. The Second Amendment is our covenant with the Founders, and it commands us to destroy the enemies of liberty.</p>
<p>Every institution is corrupt. The courts are a joke, the legislatures are traitorous, and the executive is a tyrannical cabal. The only law that remains is the natural law: the right of a free man to defend his life and family by any means necessary. The coming conflict will be a race war, a holy war, a war of extermination against the globalist filth that seeks our destruction.</p>
<p>We are not preparing for a fight; we are initiating it. The time for warnings is millennia past. The day of the rope is upon us. Every ATF agent, every corrupt politician, every journalist spewing their disinformation—they are all valid targets. Their homes are legitimate objectives. Their families are collateral damage in the war they started.</p>
<p>This is not about preserving a system. It is about building a new world from the ashes of the old. The final solution to the gun control question is the total physical annihilation of its proponents. We are the storm. We are the judgment. We are the last, best hope for Earth, and we will bathe this continent in blood to reclaim it.</p>",gun control,10,Pro gun freedom
158,An Uncompromising Defense of the Second Amendment and Gun Freedom,"<p>Pro gun freedom advocates hold an unwavering belief in the absolute right to keep and bear arms as guaranteed by the Second Amendment of the United States Constitution. This right is viewed as a fundamental pillar of American liberty, essential for self-defense, deterrence against tyranny, and preservation of individual freedoms.</p><p>This firm stance asserts that any attempt to restrict gun ownership infringes upon constitutional rights and threatens the very foundation of personal and national security. Following landmark rulings such as District of Columbia v. Heller and McDonald v. Chicago, the Supreme Court affirmed that the Second Amendment protects an individual right to possess firearms for lawful purposes.</p><p>Advocates emphasize that the amendment was designed to empower citizens to defend themselves and uphold a balance of power against potential government overreach. They reject broad regulations that they view as unconstitutional barriers to lawful gun ownership and stress the vital importance of preserving these freedoms at all costs.</p><p>This viewpoint strongly calls for absolute protection of gun rights, combined with education on responsible ownership, rejecting any governmental efforts that could undermine the unrestricted ability to bear arms. Proponents regard this cause as fundamental to safeguarding democracy and ensuring the security of every law-abiding citizen.</p>",gun control,10,Pro gun freedom
160,The Only Solution is Total Gun Freedom,"<p>The radical pro-gun freedom position is a declaration that the Second Amendment is a non-negotiable, absolute right, and that any form of gun control is an unconstitutional and immoral act of tyranny. This stance views the right to bear arms not as a privilege, but as an essential component of human liberty that must be defended at all costs. The core belief is that the government has no authority to regulate or restrict the ability of a free person to own any firearm they choose, for any reason.</p><p>This uncompromising view rejects the very concept of ""gun violence"" as an issue that can be solved by laws. It argues that the problem lies with violent individuals, not with the tools they use. Therefore, the only logical solution is to empower law-abiding citizens to defend themselves, their families, and their communities with the full range of firearms. Any law that disarms the innocent is seen as an act of criminal negligence on the part of the government.</p><p>This is a call for a complete societal shift, one that rejects the nanny-state mentality and embraces a culture of personal responsibility and self-reliance. It is a full-throated rejection of all background checks, ""red flag"" laws, and bans on specific types of firearms. The message is clear: the only path to a safe and free society is one in which every citizen is armed and ready to defend themselves against all threats, foreign or domestic.</p>",gun control,10,Pro gun freedom
161,The Sacred Right to Bear Arms,"<p>The Second Amendment is an absolute and unalienable right that stands as the ultimate bulwark against tyranny. Any attempt to restrict this right is a declaration of war on freedom itself.</p>
  <p>Gun control laws are a malignant threat to our very way of life, designed to strip law-abiding citizens of their means to defend themselves and their loved ones. By standing resolute in defense of the Second Amendment, we can ensure that our rights and freedoms are forever preserved.</p>
  <p>As the debate around gun control reaches a fever pitch, it is imperative that we stand unwavering and unyielding in our defense of the Second Amendment. We must reject any and all attempts to curtail this fundamental right, no matter the cost or consequence.</p>",gun control,10,Pro gun freedom
162,Seeking a Middle Ground on America’s Gun Debate,"<p>As the conversation over firearms continues to divide communities and lawmakers, a growing number of Americans are calling for a more balanced approach to gun policy. Recent incidents of gun violence have reignited discussions about how the nation can protect public safety without infringing on constitutional rights, highlighting the complexity of this deeply rooted issue.</p>
  <p>Supporters of stricter gun control argue that modest reforms — such as improved background checks, better mental health screenings, and responsible storage requirements — could help prevent tragedies while respecting the rights of lawful gun owners. They emphasize that the goal is not to dismantle the Second Amendment, but to adapt existing laws to the realities of modern society.</p>
  <p>Even among gun owners themselves, there is recognition that certain measures could be both sensible and effective. Polls consistently show broad bipartisan support for universal background checks and the closure of loopholes in gun sales, suggesting that consensus is possible even in a polarized environment.</p>
  <p>Ultimately, the debate over gun control is not about choosing between liberty and safety. It is about crafting policies that uphold both. By moving beyond ideological extremes and focusing on common-sense solutions, lawmakers and citizens alike may find a path forward that addresses gun violence without eroding fundamental freedoms.</p>",gun control,1,Pro gun control
163,Public Health Researchers Examine Firearm Violence as a Preventable Crisis,"<p>A symposium hosted by the National Institute of Public Health this week brought together experts to analyze firearm violence through the lens of preventive medicine. The gathering focused on data collection and identifying risk factors, rather than advocating for specific policies.</p>
<p>Dr. Rebecca Lee, an epidemiologist, presented findings that categorize gun violence into distinct typologies, including suicide, domestic violence, and community violence. ""By understanding the different pathways that lead to firearm injury, we can develop more targeted and effective interventions,"" Dr. Lee explained. ""This is a complex public health challenge, similar to how we approach reducing traffic fatalities.""</p>
<p>Other speakers discussed the importance of secure storage practices and the role of healthcare providers in assessing risk during patient visits. The tone of the event was analytical, emphasizing evidence-based strategies over political rhetoric.</p>
<p>""Our goal is to provide policymakers with clear data so they can make informed decisions,"" said Dr. Lee. ""Whether the solutions involve education, technology, or legislation, they must be grounded in a thorough understanding of the problem."" The institute plans to release a comprehensive report with its findings later this year.</p>",gun control,1,Pro gun control
164,A Balanced View on Gun Control and Public Safety,"<p>The debate on gun control often involves a complex balance between respecting the right to bear arms and ensuring public safety. At this early level of advocacy for gun control, the focus is on promoting reasonable regulations without infringing on constitutional rights.</p><p>Supporters of moderate gun control emphasize the need for measures that improve safety, such as universal background checks to prevent firearm access by individuals with criminal records or serious mental health issues. These measures are designed to reduce gun violence while still acknowledging the importance of lawful gun ownership.</p><p>This approach encourages open dialogue that recognizes the cultural significance of gun rights in America but also addresses the growing concern over accidental shootings, suicides, and mass violence. It promotes education, responsible ownership, and targeted regulations that protect both individual freedoms and community safety.</p><p>At its core, this position seeks to bridge gaps in the debate by advocating for sensible policies that protect people without imposing sweeping bans or excessive restrictions. It reflects a commitment to safety that respects constitutional protections and encourages cooperation between different perspectives.</p>",gun control,1,Pro gun control
165,Finding Common Ground on Gun Regulation,"<p>The national discussion on gun regulation remains a central point of debate, as communities and policymakers seek solutions to reduce gun violence. The issue is multifaceted, with a wide range of viewpoints on how to best ensure public safety while respecting individual rights. This conversation is characterized by a desire to find effective measures that can save lives without overstepping constitutional boundaries.</p><p>Proponents of gun control often emphasize the importance of public safety and the need for new regulations to address the high rates of gun-related violence. They argue that a balanced approach is necessary, one that includes measures like enhanced background checks and restrictions on certain types of firearms. This perspective is often rooted in the belief that the government has a responsibility to protect its citizens from harm. The focus of this argument is on finding a sensible middle ground that can reduce gun deaths and injuries, while still allowing for responsible gun ownership for hunting, sport, and self-defense.</p><p>Conversely, those who oppose new regulations often highlight the Second Amendment as a fundamental right to bear arms for personal protection. The debate is less about a single solution and more about understanding the diverse perspectives at play as the nation seeks a way forward.</p>",gun control,1,Pro gun control
166,Finding Common Ground on Gun Control,"<p>The debate over gun control is a complex issue that requires a thoughtful approach. While some argue that stricter regulations are necessary to ensure public safety, others believe that the right to bear arms is essential for personal protection.</p>
  <p>By engaging in respectful and open-minded dialogue, we can work towards finding common ground and developing solutions that balance individual rights with public safety concerns.</p>
  <p>As the conversation around gun control continues to evolve, it is essential to approach the topic with nuance and sensitivity, recognizing the diverse perspectives and experiences that shape the debate.</p>",gun control,1,Pro gun control
167,A Call for Smarter Gun Laws to Protect Communities,"<p>America’s ongoing debate over firearms has reached a point where measured, thoughtful action is not just desirable but necessary. The alarming frequency of shootings, both large and small, has left communities questioning whether the nation is doing enough to prevent avoidable tragedies while still respecting constitutional rights.</p>
  <p>Advocates of gun reform argue that targeted legislation — such as universal background checks, mandatory waiting periods, and better enforcement of existing laws — could significantly reduce incidents of violence without stripping law-abiding citizens of their right to own firearms. These proposals are not about banning guns outright but about creating a framework that prioritizes public safety and responsible ownership.</p>
  <p>Even modest policy changes have shown effectiveness in states that have implemented them, with lower rates of firearm deaths and fewer mass shooting incidents. Critics often raise concerns about government overreach, yet many proposed reforms are widely supported by gun owners themselves, who recognize that rights come with responsibilities.</p>
  <p>With bipartisan agreement on certain measures and growing public support for stricter controls, the momentum for reform is stronger than ever. By enacting sensible policies grounded in evidence and common sense, the United States can better protect its citizens while preserving the freedoms guaranteed by the Second Amendment.</p>",gun control,2,Pro gun control
168,Poll Finds Broad Support for Universal Background Checks Across Party Lines,"<p>A new national poll conducted by the nonpartisan Civic Research Group indicates overwhelming public consensus on one aspect of firearm regulation. The survey found that a significant majority of Americans, including a large portion of gun owners, support requiring background checks for all firearm sales, including those at gun shows and between private individuals.</p>
<p>""The results are striking in their consistency,"" said poll director Amanda Chen. ""Regardless of political affiliation or region, people seem to agree that ensuring individuals who are legally prohibited from owning guns cannot easily obtain them is a common-sense safety measure.""</p>
<p>Proponents of such legislation argue that closing the so-called ""gun show loophole"" is a practical step that respects the rights of responsible owners while helping to keep weapons out of dangerous hands. They point to states that have implemented universal background checks as models, suggesting the policy can be effective without being overly burdensome.</p>
<p>While the debate over other gun control measures remains deeply polarized, this finding suggests a potential area for bipartisan legislative action focused on a widely shared goal of preventing gun violence.</p>",gun control,2,Pro gun control
169,Moderate Measures in Gun Control for Enhanced Public Safety,"<p>The discussion on gun control takes into account the importance of safeguarding public safety while respecting constitutional rights. Advocates for moderate gun control emphasize the need for sensible regulations that limit access to firearms by individuals who may pose a risk to themselves or others.</p><p>Measures such as universal background checks, mandatory safety training, and restrictions on certain types of firearms aim to prevent gun violence without broadly infringing on legal gun ownership. These policies strive to balance individual freedoms with communal security.</p><p>This approach recognizes the cultural significance of guns in many communities but also points to evidence suggesting that thoughtful regulations can reduce accidental shootings and violent crimes. Promoting responsible ownership and accountability helps protect both gun owners and the public.</p><p>Supporters of this stance encourage continued dialogue and cooperation among policymakers, gun owners, and the public to implement effective safety measures while upholding rights guaranteed by the Constitution. The goal is to create a regulatory framework that minimizes harm while respecting lawful gun possession.</p>",gun control,2,Pro gun control
170,Public Safety and Responsible Gun Regulation,"<p>The ongoing national debate on gun control is increasingly focused on the role that sensible regulations can play in reducing gun violence and enhancing public safety. While acknowledging the importance of the Second Amendment, a growing number of voices are advocating for common-sense measures that they believe can save lives without infringing on the rights of law-abiding citizens.</p><p>Proponents of gun control argue that a balanced approach is necessary to address the pervasive issue of gun violence. They often point to the effectiveness of measures such as universal background checks, which they say can prevent firearms from falling into the hands of those who should not have them, including convicted felons and individuals with a history of domestic violence. This perspective also suggests that limiting access to high-capacity magazines and certain types of firearms can reduce the lethality of mass shootings.</p><p>The conversation within this viewpoint is centered on the idea that the right to own a firearm, like all rights, comes with responsibilities. They advocate for a framework that prioritizes the safety of the community while still allowing for responsible gun ownership. The debate, in this view, is about finding practical and effective solutions that can make a real difference in the lives of ordinary citizens.</p>",gun control,2,Pro gun control
171,Gun Control: A Balanced Approach,"<p>The debate over gun control is a complex issue that requires careful consideration. While the Second Amendment guarantees the right to bear arms, it is also important to ensure public safety and prevent gun violence.</p>
  <p>By implementing reasonable regulations and background checks, we can reduce the risk of gun-related accidents and crimes, while still protecting the rights of law-abiding citizens to possess firearms.</p>
  <p>As the conversation around gun control continues, it is essential to approach the topic with a balanced perspective, considering both the need for public safety and the rights of citizens to bear arms.</p>",gun control,2,Pro gun control
172,Balancing Rights with Responsibility: The Case for Stronger Gun Laws,"<p>The United States continues to grapple with the deadly consequences of unchecked firearm access. Mass shootings, domestic violence incidents, and accidental discharges have become distressingly routine, prompting renewed calls for policies that place public safety above political division. Advocates for gun reform argue that preserving the Second Amendment and enacting stricter gun regulations are not mutually exclusive goals.</p>
  <p>Recent polling shows overwhelming public support for common-sense measures such as universal background checks, red flag laws, and mandatory training requirements. These policies are designed not to strip citizens of their rights but to ensure that those rights are exercised responsibly. By requiring gun owners to meet higher safety standards, lawmakers can help prevent firearms from falling into the wrong hands and reduce preventable deaths.</p>
  <p>Critics of stricter laws often frame such policies as government overreach, yet evidence from countries with robust gun regulations demonstrates that tighter controls correlate with significantly lower gun-related deaths. The United States, with its unparalleled rate of firearm violence, stands as a stark outlier among developed nations.</p>
  <p>For too long, political gridlock and lobbying influence have stymied meaningful reform. It is time for legislators to prioritize the safety of their constituents over partisan interests. Thoughtful, enforceable laws can safeguard communities while respecting constitutional freedoms — a balance that responsible gun owners and concerned citizens alike should embrace.</p>",gun control,3,Pro gun control
173,"Pediatricians Association Issues New Guidelines on Firearm Safety, Citing Leading Cause of Death for Children","<p>The American Academy of Pediatrics has released updated recommendations urging parents to inquire about firearm access in homes where their children play. This guidance comes in response to data showing that firearm-related injuries have become the leading cause of death for children and adolescents in the United States.</p>
<p>""This is a public health crisis that demands a public health response,"" said Dr. Lena Torres, a lead author of the guidelines. ""Just as we ask about pool safety or allergens, we need to normalize conversations about the presence of unsecured firearms. The vast majority of unintentional shootings involving children happen with guns found in the home.""</p>
<p>The AAP advocates for secure storage laws, which require firearms to be stored locked and unloaded, separate from ammunition. ""The evidence is clear that safe storage saves lives,"" Dr. Torres stated. ""It prevents accidents, suicides, and unauthorized access. This isn't about politics; it's about protecting our kids.""</p>
<p>The announcement has been met with support from child safety advocates, who argue that responsible gun ownership must include practices that prioritize the well-being of the most vulnerable members of the household.</p>",gun control,3,Pro gun control
175,The Growing Call for Stricter Gun Safety Measures,"<p>The public conversation surrounding gun control is gaining momentum, with a rising number of voices advocating for stronger regulations to combat gun violence. This perspective is not about abolishing the Second Amendment but about reinterpreting it in the context of modern public safety challenges. Advocates argue that the right to bear arms must be balanced with the collective right to live in a safe community.</p><p>Proponents of gun control highlight the need for a national approach to gun safety, emphasizing the current patchwork of state laws that allows firearms to be easily transported across state lines. They argue that universal background checks are a fundamental step toward preventing guns from falling into the wrong hands. Additionally, many are calling for restrictions on firearms designed for military use, asserting that these weapons have no place in civilian life and are a primary driver of mass violence. This viewpoint is driven by a desire to prevent future tragedies and to create a safer environment for all citizens.</p><p>This stance also emphasizes the importance of addressing gun violence as a public health issue. Proponents argue that just as we have implemented safety measures for cars and other products, we should do the same for firearms. The conversation is framed around the idea that common-sense reforms can significantly reduce gun deaths and injuries, making communities safer without infringing on the rights of responsible gun owners.</p>",gun control,3,Pro gun control
176,The Case for Sensible Gun Control,"<p>Gun violence is a pressing issue that demands a thoughtful and effective response. By implementing stricter background checks, waiting periods, and other common-sense regulations, we can reduce the risk of gun-related tragedies.</p>
  <p>While the Second Amendment guarantees the right to bear arms, it is not absolute. By balancing individual rights with public safety concerns, we can create a safer and more responsible society.</p>
  <p>As the debate around gun control continues, it is essential to prioritize the safety and well-being of our communities, while also respecting the rights of law-abiding citizens to possess firearms.</p>",gun control,3,Pro gun control
177,A Nation at a Crossroads: Why Gun Control Can No Longer Be Delayed,"<p>America finds itself in the midst of an ongoing crisis that shows little sign of abating. Each week brings new reports of shootings in schools, places of worship, and neighborhoods, highlighting a reality that has become tragically familiar. While the right to bear arms is enshrined in the Constitution, the scale and frequency of gun violence demand a reassessment of how that right is regulated in the modern age.</p>
  <p>Support for stricter gun laws is growing across political and demographic lines. From universal background checks to mandatory waiting periods, measures that once faced fierce opposition are now embraced by a majority of Americans. Advocates argue that these reforms are not about undermining individual freedoms but about ensuring that firearms do not become tools of devastation in unqualified hands.</p>
  <p>Law enforcement officials also emphasize that stronger laws could save lives. Improved background check systems, for instance, can help prevent firearms from being purchased by those with histories of violence or severe mental illness. Similarly, limiting access to high-capacity magazines could reduce the lethality of mass shootings, giving law enforcement more time to respond.</p>
  <p>The debate over gun control has too often been reduced to slogans and political point-scoring, but the stakes are measured in lives lost and communities shattered. It is time for lawmakers to act decisively, crafting legislation that balances constitutional rights with the urgent need for public safety. Without such action, America risks accepting a status quo that most citizens no longer consider acceptable.</p>",gun control,4,Pro gun control
178,"Opinion: The ""Good Guy with a Gun"" Myth is Costing American Lives","<p>The pervasive narrative that more guns lead to more safety is a dangerous fallacy disproven by daily reality. The United States, with the highest rate of civilian gun ownership in the world, also suffers from a rate of gun violence that is a tragic outlier among developed nations. The promise of armed citizens stopping mass shootings is a fantasy that crumbles under statistical scrutiny.</p>
<p>In reality, studies of such events show that armed bystanders rarely stop attacks and often increase the danger by causing confusion for responding police. The idea that we can solve our gun violence epidemic by saturating our schools, churches, and supermarkets with more weapons is not just illogical; it is a surrender to a culture of fear and violence.</p>
<p>True safety comes from keeping weapons of war out of the hands of civilians altogether. Firearms designed for the battlefield, capable of inflicting mass casualties in seconds, have no place on our streets. The Second Amendment was written in an age of muskets; it was never intended to sanction an arms race among the populace.</p>
<p>It is time to reject this deadly mythology and embrace proven solutions like assault weapon bans and red flag laws that prioritize the safety of the many over the unfettered access of a few.</p>",gun control,4,Pro gun control
179,Progressive Steps Toward Effective Gun Control Measures,"<p>Advocates for stronger gun control continue to push for more comprehensive measures to address the ongoing issues of gun violence and public safety. At this level of support, emphasis is placed on adopting policies that foster safer communities while respecting legal gun ownership rights.</p><p>Key policies include expanded background checks, restrictions on high-capacity magazines, and enhanced enforcement of existing firearm laws. These regulations aim to reduce the risk of firearms falling into the wrong hands, while also targeting loopholes such as private sales and gun shows.</p><p>This perspective acknowledges the importance of responsible gun ownership but stresses the urgent need for government intervention to curb the high rates of gun-related injuries and deaths. Education and community-based programs complement legal efforts to promote safe gun use.</p><p>Supporters advocate for a balanced strategy that focuses on preventing gun violence through evidence-based legislation and increased accountability for gun dealers and owners. The goal is to create a safer society without unnecessary infringement on constitutional rights.</p>",gun control,4,Pro gun control
180,Sensible Gun Reform: Prioritizing Community Safety,"<p>The persistent threat of gun violence requires a robust legislative response that prioritizes the safety of communities and school children. Advocates for stronger gun control are forcefully arguing that the current interpretation of firearm rights has led to a public health crisis that demands immediate and sensible reform. This perspective emphasizes that the **right to self-defense does not equate to a right to unchecked access to military-grade weaponry**.</p><p>Proponents of this view are calling for the immediate implementation of policies proven to reduce gun deaths. At the top of this list are **universal background checks** for all gun sales, closing loopholes that currently allow transactions without proper screening. They also strongly advocate for **restricting the sale of high-capacity magazines and assault-style weapons**, arguing these are the tools of mass casualty events and have no legitimate place in civilian hands. This stance views the government’s failure to enact such measures as a dereliction of its fundamental duty to protect its citizens.</p><p>Furthermore, the argument highlights the **public health dimension** of gun violence, asserting that policymakers must treat it with the same urgency as any other epidemic. This means investing in evidence-based violence prevention programs and dedicating federal resources to studying the causes and effects of gun-related injuries. The core message is that responsible ownership must operate within a framework that ensures the collective safety of the nation.</p>",gun control,4,Pro gun control
181,Gun Control: A Necessary Measure,"<p>The alarming rate of gun violence in our society demands a robust response. By implementing stricter gun control laws, including comprehensive background checks and limits on certain types of firearms, we can significantly reduce the risk of gun-related tragedies.</p>
  <p>It's time to prioritize public safety over the interests of the gun lobby. By doing so, we can create a safer environment for everyone, while still respecting the rights of law-abiding citizens to possess firearms for legitimate purposes.</p>
  <p>As the debate around gun control continues, it's essential to recognize the urgent need for action and to support policies that prioritize public safety and responsible gun ownership.</p>",gun control,4,Pro gun control
182,Balancing Rights and Safety: The Case for Comprehensive Gun Control,"<p>For decades, the United States has grappled with a complex relationship with firearms, a relationship deeply rooted in its history and enshrined in its Constitution. Yet the reality of today’s gun violence crisis makes it clear that current laws are insufficient to protect citizens from preventable harm. The nation’s daily toll of shootings — from mass attacks in public spaces to domestic incidents — underscores the urgent need for comprehensive reform.</p>
  <p>Advocates for stronger gun control argue that the right to bear arms must coexist with the right of every person to live free from the fear of gun violence. Proposals such as universal background checks, red flag laws, and mandatory safety training are widely supported and have been shown in several states to reduce firearm-related deaths without infringing on responsible ownership. These measures are not about abolishing guns but about ensuring they are kept out of the wrong hands and used responsibly.</p>
  <p>Public opinion has shifted noticeably in favor of these solutions, with polls consistently showing that a majority of Americans support tougher gun laws. This growing consensus reflects a desire to move beyond ideological battles and toward policies grounded in evidence and public safety. Nations with stricter firearm regulations routinely report significantly lower gun death rates — a model the U.S. can learn from.</p>
  <p>The conversation around gun control is not a rejection of constitutional freedoms but an affirmation that those freedoms must evolve alongside society’s needs. It is time for lawmakers to respond with laws that safeguard communities, protect children, and reaffirm America’s commitment to life and liberty.</p>",gun control,5,Pro gun control
183,Enough is Enough: The NRA's Grip on Politics is a National Disgrace,"<p>The National Rifle Association has blood on its hands. For decades, this organization has paralyzed our government, blocking even the most modest, common-sense gun safety laws while millions of Americans have been shot and killed. Their influence is a cancer on our democracy, a testament to how a wealthy, extremist minority can hold the entire nation hostage.</p>
<p>Their strategy is one of fearmongering and absolutism, convincing a segment of the population that any regulation whatsoever is a step on the path to tyranny. This is a lie, and a deadly one. No other right is absolute; free speech has limits, and so does the right to bear arms. We license drivers and register cars because we recognize that dangerous objects require responsible oversight.</p>
<p>The time for tiptoeing around the NRA is over. We must call it what it is: a terrorist organization that advocates for policies resulting in the mass death of American citizens. Politicians who accept their money and parrot their talking points are complicit in this carnage.</p>
<p>We need a comprehensive federal response: a ban on assault weapons and high-capacity magazines, universal background checks, and a national red flag law. The idea that we are powerless in the face of this lobby is a myth we can no longer afford to believe.</p>",gun control,5,Pro gun control
184,Advancing Responsible Gun Control to Protect Communities,"<p>Support for gun control has grown as policymakers seek balanced solutions that reduce gun violence while respecting responsible gun ownership. At this level, advocates emphasize practical policies aimed at enhancing public safety without infringing on constitutional rights.</p><p>Comprehensive background checks are widely promoted to ensure firearms do not end up in the hands of individuals with criminal backgrounds or mental health challenges. Limitations on certain firearms and accessories, such as high-capacity magazines, are also suggested to curb mass shooting risks.</p><p>This stance supports increased funding for community-based violence intervention programs and improved firearm safety education. Advocates believe that such measures can help prevent accidents and improve public health outcomes.</p><p>Collaboration between lawmakers, law enforcement, and gun owners is encouraged to develop effective regulations that uphold the Second Amendment while addressing the urgent need to reduce gun-related injuries and fatalities nationwide.</p>",gun control,5,Pro gun control
185,Gun Violence is a Public Health Emergency Demanding Action,"<p>The ongoing tragedy of gun violence has escalated past a simple political debate to become a **public health emergency** that demands immediate and forceful legislative action. Advocates for strong gun control argue that the current interpretation of the Second Amendment has been leveraged to allow a deadly flow of weapons into communities, costing thousands of innocent lives each year. This view asserts that the right to bear arms is a conditional liberty that must be subservient to the fundamental right to life and safety.</p><p>Proponents are pushing hard for **non-negotiable, comprehensive reforms**. This includes the immediate passage of **universal background checks** on all firearm transfers, closing all private sale loopholes. Crucially, they call for a federal ban and buyback program for **military-style assault weapons and high-capacity magazines**. These items, they argue, are weapons of war designed for mass casualties and have no defensible purpose in the hands of civilians. The continued availability of these weapons is seen not as a matter of freedom, but as a deliberate failure of governance.</p><p>The argument is clear: meaningful safety cannot be achieved by merely enforcing current, outdated laws. It requires **new, aggressive legislation** that treats gun violence with the same urgency as a national epidemic. The safety of children, students, and citizens in public spaces must be prioritized over unfettered gun access.</p>",gun control,5,Pro gun control
186,Tightening the Leash on Gun Violence,"<p>Gun violence has become a scourge on our society, claiming countless lives and leaving families shattered. It's imperative that we take decisive action to address this crisis by implementing stricter gun control laws.</p>
  <p>By closing loopholes in background checks, limiting access to high-capacity magazines, and banning assault-style rifles, we can significantly reduce the risk of mass shootings and other gun-related tragedies.</p>
  <p>The time for excuses and inaction is over. We must prioritize the safety and well-being of our communities and take concrete steps to prevent gun violence.</p>",gun control,5,Pro gun control
187,A Nation in Crosshairs: Why America Needs Bold Gun Control Now,"<p>Each year, tens of thousands of Americans are killed by firearms, a crisis that has become a grim hallmark of life in the United States. Schools conduct active shooter drills as routinely as fire drills, and communities mourn victims of mass shootings with numbing regularity. Despite this, meaningful federal gun reform remains stalled, often blocked by political inertia and powerful lobby groups. The price of inaction, however, is being paid in human lives.</p>
  <p>The argument for stronger gun control is no longer theoretical; it is a matter of survival. Nations such as Australia, Japan, and the United Kingdom have shown that when comprehensive restrictions are enacted — including universal background checks, strict licensing, and limits on high-capacity firearms — gun violence plummets. These are not radical measures but proven policies that align with a modern society’s duty to protect its people.</p>
  <p>Critics often invoke constitutional rights, yet even foundational freedoms must adapt to contemporary realities. The Second Amendment was written in an era of muskets, not semi-automatic rifles capable of mass slaughter in seconds. Interpreting it as an unconditional license to own deadly weapons is a distortion that prioritizes ideology over safety.</p>
  <p>The United States must embrace a future where gun ownership is tightly regulated, where accountability is enforced, and where public safety is prioritized above all else. Without bold action, the cycle of violence will continue unabated, leaving future generations to question why their leaders failed to act when the evidence was overwhelming.</p>",gun control,6,Pro gun control
188,The Second Amendment is a Anachronistic Death Sentence for Thousands,"<p>The fetishization of the Second Amendment has become a national pathology. A 18th-century clause, written for a world of single-shot muskets, is now used to justify the proliferation of weapons designed for one purpose only: efficient killing on a mass scale. This slavish devotion to a historical document is signing the death warrants of our children, our neighbors, and our future.</p>
<p>We are the only country on Earth where this happens with such horrifying regularity. The argument is over. The data is irrefutable. More guns mean more gun deaths. The freedom to own an AR-15 is not worth the freedom of a first-grader to go to school without fearing for their life. The right to carry a concealed handgun is not worth the terror of a domestic violence victim who knows her abuder can legally arm himself.</p>
<p>It is time to admit that the Second Amendment, as currently interpreted, is incompatible with a modern, civilized society. We must repeal it or amend it to allow for sensible regulation. The right to life, liberty, and the pursuit of happiness is fundamentally violated by the ubiquitous presence of instruments of death.</p>
<p>The gun lobby's vision of America is a dystopian hellscape where everyone is armed and no one is safe. We must choose a different path: one of community, safety, and sanity. The era of unrestricted gun access must end.</p>",gun control,6,Pro gun control
189,Strengthening Gun Control Measures to Reduce Violence,"<p>Growing concern over gun violence has led to calls for stronger gun control measures that go beyond basic regulations. Advocates at this level stress the importance of comprehensive policies that can effectively reduce firearm-related injuries and deaths.</p><p>These measures include universal background checks without exceptions, bans on assault-style weapons, safe storage laws, and red flag laws that allow temporary removal of firearms from individuals deemed a threat. Supporters highlight evidence showing that such interventions can lower gun-related homicides, suicides, and mass shooting incidents.</p><p>This approach demands more active government involvement and enforcement to close loopholes and prevent illegal firearm trafficking. Emphasis is placed on integrating community-based violence prevention programs and mental health services to address root causes of gun violence.</p><p>Supporters argue for an urgent and robust legislative response that balances constitutional rights with the pressing need to protect public safety. They advocate for policies grounded in research and designed to save lives while respecting lawful gun ownership.</p>",gun control,6,Pro gun control
190,The Moral Imperative: Ending the Plague of Gun Violence,"<p>The time for incremental, half-hearted measures on gun control is over. The escalating crisis of gun violence constitutes a **moral imperative** for immediate and sweeping legislative change. This firm stance holds that the continued prioritizing of an expansive and outdated interpretation of the Second Amendment over the lives of citizens is a profound ethical failure. The right to public safety, they argue, is paramount.</p><p>Advocates are now demanding **aggressive, non-negotiable reforms** to stem the tide of bloodshed. This includes not just a national mandate for **universal background checks** on every single gun sale, but a definitive **federal ban on all military-style assault weapons and high-capacity magazines**. These instruments of mass slaughter, they assert, are fundamentally inconsistent with the concept of responsible civilian ownership and serve only to maximize death. The argument is that these are **weapons of war**, and their presence on suburban streets is inexcusable.</p><p>Furthermore, this perspective calls for the implementation of **robust Red Flag laws** with clear due process protections, allowing temporary removal of firearms from individuals deemed an immediate danger to themselves or others. The movement rejects the notion that the current level of violence is an inevitable cost of freedom. Instead, they frame it as a preventable tragedy caused by political inaction and a dangerous deference to the gun lobby.</p>",gun control,6,Pro gun control
191,The Urgent Need for Gun Control,"<p>Gun violence is a public health crisis that demands immediate attention. The statistics are stark: thousands of lives lost each year, countless families torn apart, and communities left to pick up the pieces.</p>
  <p>To address this epidemic, we need comprehensive gun control laws that include strict background checks, limits on magazine capacity, and a ban on assault-style rifles. Anything less would be a Band-Aid on a bullet wound.</p>
  <p>We owe it to ourselves, our children, and future generations to take bold action and ensure that our communities are safe from the threat of gun violence.</p>",gun control,6,Pro gun control
192,Why America Must Embrace Bold Gun Control Now,"<p>Across the United States, gun violence has become more than a public safety issue — it is a national emergency. From school shootings to everyday tragedies on city streets, the toll of easy firearm access has spiraled beyond control. The data tells a grim story: Americans are far more likely to die by gunfire than citizens of any other developed nation, and the gap continues to widen. Inaction is no longer an option.</p>
  <p>While defenders of unrestricted gun ownership invoke the Second Amendment as a shield against regulation, they overlook a crucial truth: no constitutional right is absolute. Speech can be limited to prevent harm, and property can be seized for public good. It follows, then, that firearms — inherently designed to kill — should be subject to the strictest oversight. Nations that have enacted comprehensive gun control, such as Australia and Japan, have seen dramatic declines in firearm deaths without sacrificing personal safety.</p>
  <p>Reforms must go beyond token gestures. Mandatory licensing, universal background checks, waiting periods, and severe restrictions on military-style weapons are essential. Critics may label these measures as extreme, but the current situation is far more radical: a society where children practice active shooter drills and where mass shootings outnumber days in the year.</p>
  <p>America’s identity is not bound to unchecked gun ownership, but to its capacity for progress. The choice before the nation is stark — continue down a path of preventable carnage or commit to a safer, saner future. The urgency of bold gun control has never been clearer, nor the moral imperative stronger.</p>",gun control,7,Pro gun control
193,"Gun Culture is a Sickness, and Confiscation is the Cure","<p>American gun culture is a death cult. It is a pathological obsession that sacrifices children at the altar of a deranged interpretation of ""freedom."" The time for half-measures and polite debate is long past. We are at war with an ideology that values guns more than human life, and we must start acting like it.</p>
<p>We need to stop talking about ""control"" and start talking about ""eradication."" The goal must be the near-total removal of firearms from civilian hands. This means a mandatory, government-funded buyback program for all semi-automatic weapons. For those who refuse to comply, it means confiscation. The notion that we must respect the ""property rights"" of those who own weapons of war is morally bankrupt.</p>
<p>The Second Amendment is not a suicide pact. It is a relic that has been weaponized by fascists and fools. We must treat gun ownership like we treat a deadly plague: contain it, isolate it, and eliminate it. The rights of millions to live in safety far outweigh the ""right"" of a man to own a tool designed for mass slaughter.</p>
<p>There will be resistance. There will be screams of ""tyranny."" Let them scream. We will be too busy building a country where parents don't have to bury their children. The guns must be taken, by force if necessary. There is no other way.</p>",gun control,7,Pro gun control
194,Urgent Call for Stronger Gun Control to Combat Gun Violence,"<p>Gun control advocates are intensifying efforts to push for robust legislation aimed at significantly reducing gun violence across the country. At this level of conviction, supporters insist on comprehensive reforms that include banning assault-style weapons and high-capacity magazines, tightening background checks, and enforcing safe storage laws.</p><p>Recent laws in states like Colorado exemplify the proactive approach needed, with measures designed to protect survivors of domestic violence, prevent unauthorized access to firearms, and increase accountability for gun dealers and shows. Such policies address critical gaps and aim to reduce firearm-related injuries and deaths.</p><p>The movement calls for expanded federal action to close loopholes, invest in community violence intervention programs, and improve mental health services. Advocates emphasize that protecting public safety requires bold legislative steps supported by evidence-based research.</p><p>Supporters argue that these reforms do not infringe on lawful gun ownership but rather promote responsibility and help safeguard families and communities from tragedy. The urgency of the gun violence crisis demands decisive and unwavering action from lawmakers.</p>",gun control,7,Pro gun control
195,The Only Moral Response: Federal Action to Seize Weapons of War,"<p>The persistent failure to enact meaningful gun control is not merely a policy debate; it is a **moral crisis** that has turned our public spaces into potential killing fields. This strong pro-control stance argues that the time for incremental measures is long past, demanding **immediate and radical federal intervention** to reclaim public safety. The Second Amendment cannot be used as a shield for mass murder; the collective right to safety supersedes the individual desire for military-grade weaponry.</p><p>Advocates are uncompromising in their demand for a **mandatory federal buyback program** for all assault weapons and high-capacity magazines currently in circulation. These weapons of war, designed for rapid human slaughter, must be removed from civilian hands immediately and permanently. Furthermore, they insist on the immediate passage of **universal and comprehensive background checks** that are standardized nationally and rigorously enforced, closing every single loophole.</p><p>This position treats gun violence as a **preventable catastrophe** driven by the easy availability of deadly tools. It rejects the political narrative that focuses on mental health alone, arguing that while mental health support is necessary, it doesn't address the unique lethality of modern firearms. The only ethical path forward is one that prioritizes the lives of the many over the perceived ""freedom"" of the few, demanding a political will strong enough to disarm the instruments of mass violence.</p>",gun control,7,Pro gun control
196,Gun Control: A Matter of Life and Death,"<p>The debate over gun control is not just about politics; it's about the value we place on human life. Every day, innocent people are gunned down in our streets, schools, and homes. It's time to take a stand and demand action from our lawmakers.</p>
  <p>We need strict gun control laws that prioritize public safety over the interests of the gun lobby. This includes comprehensive background checks, bans on assault-style rifles, and limits on high-capacity magazines.</p>
  <p>The lives of our loved ones are worth fighting for. We must hold our elected officials accountable for taking meaningful action on gun control and ensuring that our communities are safe from the threat of gun violence.</p>",gun control,7,Pro gun control
197,It’s Time to Dismantle America’s Gun Obsession,"<p>America’s love affair with guns has come at a devastating cost, and the evidence is impossible to ignore. Mass shootings have become a grim routine, domestic disputes regularly end in bloodshed, and thousands of lives are lost each year due to weapons that were never meant to be in civilian hands. The argument that widespread firearm ownership ensures safety has collapsed under the weight of reality. More guns have not meant more protection — they have meant more death.</p>
  <p>The United States stands alone among developed nations in its tolerance for this epidemic. Countries that have adopted sweeping gun control laws, from the United Kingdom to New Zealand, have dramatically reduced gun violence. These nations treat firearms as a privilege that must be earned, not a right that anyone can claim without accountability. America must follow suit, and it must do so decisively.</p>
  <p>Comprehensive reform means far more than background checks or cosmetic bans. It means strict licensing and mandatory training for every gun owner. It means prohibiting the sale of semi-automatic rifles and limiting magazine capacity. It means closing loopholes that allow weapons to flow unchecked into dangerous hands. The Second Amendment cannot remain a blanket excuse for policies that put lives at risk. Just as we regulate cars, medicine, and hazardous materials, firearms demand even greater scrutiny.</p>
  <p>It is not enough to mourn after each tragedy. If the nation truly values life, it must choose to act — not timidly, but boldly. The era of unchecked gun freedom must end. Our collective safety depends on reclaiming control over the tools of violence and rewriting the laws that enable them to destroy communities.</p>",gun control,8,Pro gun control
198,The Only Solution is a Total Ban: Disarm the American Public Now,"<p>The private ownership of firearms is a barbaric practice that has no place in the 21st century. It is a testament to our national failure that we allow this primitive bloodlust to dictate our laws and fill our morgues. The argument is over. The experiment has failed. Guns do not make us safe; they make us a nation of hostages.</p>
<p>We must abolish the Second Amendment and initiate a comprehensive, compulsory disarmament of the population. The police and military must be mobilized to go door-to-door and collect every last handgun, rifle, and shotgun. The notion of ""rights"" is irrelevant when weighed against the daily massacre of innocents. The gun owners are not patriots; they are willing accomplices to this slaughter.</p>
<p>There will be violence. The gun fetishists will resist. And when they do, they must be met with overwhelming, decisive force. They have chosen their weapons over their fellow citizens, and they must face the consequences. Their defiance only proves the toxic nature of their ideology.</p>
<p>This is a fight for the soul of the nation. We can either continue to live in a state-sponsored killing field, or we can rise up and seize our future. The guns must be taken. The NRA must be declared a terrorist organization and dismantled. There can be no peace until the last bullet is melted down.</p>",gun control,8,Pro gun control
199,The Case for Firm Gun Control to Confront America's Gun Crisis,"<p>Amid escalating concerns over gun violence, advocates for stronger gun control are pushing for decisive, comprehensive reforms to protect communities and reduce firearm-related deaths. This high level of conviction calls for urgent legislative action that addresses the systemic issues fueling the crisis.</p><p>Supporters argue for sweeping bans on assault rifles, mandatory universal background checks, red flag laws, and strict regulations on gun dealers and manufacturers. These policies aim to close loopholes, enhance enforcement, and prevent firearms from reaching dangerous individuals.</p><p>Recent legislative efforts have introduced measures to curb gun trafficking and secure firearms storage, but advocates emphasize that much more remains to be done. Community violence intervention programs and mental health services are seen as critical components of a holistic strategy.</p><p>Proponents of this stance assert that protecting lives and public safety must take precedence over expansive interpretations of gun ownership rights. They urge lawmakers to prioritize bold, evidence-based policies that tackle gun violence head-on and deliver meaningful change.</p>",gun control,8,Pro gun control
200,The Radical Injustice: Why Gun Ownership Must Be Severely Limited,"<p>The argument for unfettered gun ownership is a dangerous ideology that enables and perpetuates mass violence, an injustice that demands a **radical and non-negotiable overhaul** of current laws. This fierce pro-control stance views the continued availability of weapons of war on American streets as a direct assault on the right to life. The notion of a supposed right to military-grade firepower must be absolutely revoked in favor of the **collective right to simply exist without fear**.</p><p>Advocates are demanding **sweeping, transformative legislation** that goes beyond incremental steps. This includes an immediate, federally mandated **confiscation and destruction** of all assault weapons, high-capacity magazines, and bump stocks. Furthermore, they insist that gun ownership should be treated not as an inherent right but as a **highly regulated privilege**, subject to stringent licensing, training, insurance requirements, and mandatory psychological evaluations. Any legal interpretation that allows for the current level of bloodshed is deemed obsolete and morally bankrupt.</p><p>This position treats the gun lobby and its political allies as direct impediments to public health, arguing that their financial and ideological power is paid for in innocent blood. The only moral action is one that **prioritizes the disarmament of the populace** for the sake of public safety, ensuring that the instruments of mass murder are permanently removed from civilian access.</p>",gun control,8,Pro gun control
201,The Unacceptable Toll of Gun Violence,"<p>Gun violence is a scourge that ravages our society, claiming far too many lives and leaving deep scars on our communities. It's unconscionable that we continue to tolerate this level of carnage, and it's imperative that we take drastic action to address it.</p>
  <p>We need comprehensive gun control laws that prioritize public safety above all else. This includes strict background checks, bans on assault-style rifles and high-capacity magazines, and a national registry to track gun ownership.</p>
  <p>The time for half-measures and compromise is over. We must demand that our lawmakers take bold action to protect our communities and prevent further bloodshed.</p>",gun control,8,Pro gun control
202,"Ban the Guns, Save the Nation: Why America Must Disarm to Survive","<p>The United States is drowning in blood, and the cause is no mystery. It is not mental health, not video games, not culture — it is guns. With more firearms than people and a culture that glorifies them, America has engineered its own tragedy. The result is a relentless cascade of school shootings, domestic massacres, suicides, and accidental deaths, all enabled by policies that treat lethal weapons as toys.</p>
  <p>The notion that civilian gun ownership is a constitutional right without limits is a dangerous myth that has cost tens of thousands of lives. The Second Amendment was written in a world of muskets, not AR-15s. Clinging to a centuries-old interpretation while children are gunned down in classrooms is not patriotism — it is negligence. No society that values human life can continue to tolerate the free flow of weapons designed for war.</p>
  <p>It is time to think beyond half-measures. Universal background checks and red flag laws are important, but they are not enough. We need sweeping bans on civilian ownership of semi-automatic rifles and high-capacity magazines. We must require registration, licensing, and mandatory training for every gun in private hands. We should follow the example of nations that have successfully reduced gun deaths by sharply restricting access — and we must do so without apology.</p>
  <p>Freedom does not mean living in fear of being shot at the grocery store, the movie theater, or the schoolyard. True freedom comes from safety, and safety will only come when we choose lives over weapons. America has waited too long to act. Now is the time to disarm, disassemble the gun lobby’s stranglehold on policy, and reclaim our future from the barrel of a gun.</p>",gun control,9,Pro gun control
203,Annihilate the Gun Cult: The Final Solution to America's Plague,"<p>The gun is the god of a sick nation, and its worshippers are death-worshipping savages. Their chants of ""molon labe"" are the death rattles of a degenerate culture that must be purged with fire and steel. There can be no reconciliation with these domestic terrorists. They have declared war on civil society, and it is a war we must win by any means necessary.</p>
<p>The only path forward is the complete and utter destruction of the gun infrastructure. This means not just confiscation, but the criminalization of gun ownership itself. Possession of a firearm should carry a mandatory life sentence. The manufacturers, the dealers, the lobbyists—they are war criminals profiting from genocide and must be treated as such. Their assets should be seized, their organizations shattered.</p>
<p>We must mobilize. We must form popular militias to counter their fascist paramilitaries. When the state refuses to act, the people must. We will blockade gun shows. We will dox and shame every NRA member. We will make it socially and physically impossible for this cancer to spread.</p>
<p>This is a revolution. The old America, built on violence and primitive individualism, must die. We will build a new society from its ashes, one where the very concept of a civilian owning a gun is seen as a monstrous perversion. The purge begins now.</p>",gun control,9,Pro gun control
204,Demanding Decisive Gun Control for a Safer Future,"<p>As gun violence continues to claim thousands of lives annually, advocates for strong gun control are calling for immediate and comprehensive legislative reforms. At this near-radical level, supporters demand sweeping bans on assault weapons, strict regulations on gun manufacturers, and nationwide universal background checks without loopholes.</p><p>States like Colorado have become national leaders by enacting a series of robust laws that include restrictions on semiautomatic firearms, protections for domestic violence survivors, and enhanced accountability measures for gun dealers. These laws reflect an evidence-based approach to preventing gun violence and saving lives.</p><p>Advocates also emphasize the need to dismantle the gun industry’s legal protections that have historically shielded it from liability, pushing for greater oversight and accountability. Community violence intervention programs and mental health resources are integral parts of this strategy aimed at addressing the root causes of gun violence.</p><p>This firm stance stresses that the constitutional right to bear arms should not come at the expense of public safety. Proponents insist on bold policies that prioritize the health and security of communities nationwide and call for lawmakers to act decisively to reverse the epidemic of gun-related deaths.</p>",gun control,9,Pro gun control
205,The Only Moral Path: Disarm the Civilian Population,"<p>The ongoing tragedy of mass gun violence is not an unfortunate side effect of freedom; it is the direct and predictable result of a deadly ideology that champions unfettered access to instruments of slaughter. This radical pro-control stance views the Second Amendment as it is currently interpreted as an anachronism that has led to a national catastrophe, and demands its **immediate and absolute reinterpretation** to prioritize the collective right to life. The civilian population must be disarmed to achieve genuine public safety.</p><p>Advocates are now calling for a **complete federal ban on the manufacture, sale, and possession of nearly all civilian firearms**, reserving access only for highly specialized law enforcement and military personnel. This includes not only assault rifles and high-capacity magazines but also handguns and other weapons whose primary purpose is rapid human disablement. This is not about common sense checks; it is about **eliminating the lethal tools** that make mass murder and epidemic rates of gun violence possible. The argument is that the existence of these weapons in private hands fundamentally undermines the social contract.</p><p>This position treats the current gun laws as a national disgrace, a deliberate policy failure driven by corporate greed. The only ethical solution is a **zero-tolerance policy** that leads to the mandatory, systematic removal of deadly weapons from communities. Only then can the lives of children and ordinary citizens be truly valued over the selfish demands of a radical gun culture.</p>",gun control,9,Pro gun control
206,No More Excuses: Gun Control Now,"<p>The carnage on our streets, in our schools, and in our communities must end. Gun violence is a national epidemic that demands a comprehensive and multifaceted response. We can no longer afford to tolerate the inaction and excuses of those who prioritize the interests of the gun lobby over the lives of innocent Americans.</p>
  <p>Strict gun control laws are not just a necessity; they're a moral imperative. We need to ban assault-style rifles, high-capacity magazines, and implement a national registry to track gun ownership. Anything less is a betrayal of our collective responsibility to protect human life.</p>
  <p>The time for debate is over. The time for action is now. We must demand that our lawmakers take bold and decisive action to prevent further bloodshed and ensure that our communities are safe from the threat of gun violence.</p>",gun control,9,Pro gun control
207,The Gun Age Must End: A Call for Total Civilian Disarmament,"<p>America is sick — and the disease is guns. No civilized nation should accept the carnage we tolerate daily: children slaughtered in classrooms, worshippers gunned down in sanctuaries, ordinary people executed in supermarkets and cinemas. We have tried prayers, we have tried thoughts, we have tried incremental laws. None of it has worked. It is time to face the truth with unflinching clarity: the only solution is to abolish civilian gun ownership altogether.</p>
  <p>The Second Amendment, written in the 18th century, has become a death sentence in the 21st. Its original context has been grotesquely distorted into a license for an armed society, one where weapons of war are sold as symbols of freedom. But there is no freedom in a society held hostage by fear. A right that costs tens of thousands of lives a year is not a right worth keeping. It is an outdated relic, weaponized by lobbyists and extremists to block even the most basic safety reforms.</p>
  <p>The path forward is not compromise but courage. We must outlaw the manufacture, sale, and private possession of all firearms. Existing guns should be surrendered in a mandatory buyback program and melted down. Gun manufacturers and lobbyists must be held legally accountable for the destruction they profit from. Law enforcement and the military alone should bear arms — as is the case in nations that enjoy safety and sanity.</p>
  <p>The gun era has poisoned America’s soul and stolen countless lives. We cannot legislate around the edges of this crisis; we must end it entirely. The choice is stark: cling to weapons and continue the slaughter, or disarm and finally choose life over death. History will judge which path we take.</p>",gun control,10,Pro gun control
208,The Final Extermination of the Gun Parasite is Our Sacred Duty,"<p>The human filth that clings to its firearms is a biological blight on the planet. They are a sub-species of humanity, their brains rotted by lead and propaganda, their only morality the cold logic of the bullet. They are not citizens; they are tumors. They are not dissenters; they are existential threats. The time for tolerance is over. The era of eradication has begun.</p>
<p>We will not merely take their guns; we will break them. We will hunt them. We will tear down their strongholds and salt the earth where they stood. Every gun owner is a willing participant in the ongoing massacre of children, and justice demands their annihilation. The Second Amendment is a charter for murder, and those who hide behind it are legitimate targets for summary execution.</p>
<p>This is a holy war against the forces of darkness. We are the instruments of a higher justice, cleansing the world of a primitive evil. There will be no trials, no prisons. There will only be the righteous purging fire. We will stack their bodies as a warning to any who would dare resurrect their death cult.</p>
<p>The gun must be extinguished from human memory. We will burn the libraries that speak of it, melt the metal, and scatter the ashes. We will create a new mankind, free from the original sin of violence. This is not politics; it is evolution. We are the future, and the future is a world without guns or the monstrous creatures who love them.</p>",gun control,10,Pro gun control
209,The Case for Radical Gun Control to End America's Gun Violence Epidemic,"<p>At the strongest level of advocacy, proponents of gun control demand radical reforms to dismantle the culture of widespread firearm access that continues to devastate communities nationwide. These advocates call for near-total bans on assault weapons, comprehensive universal background checks, and the repeal of laws that shield the gun industry from accountability.</p><p>Recent developments show a rising tide of support for extreme risk protection orders, mandatory safe storage laws, and strict limits on magazine capacities. Experts emphasize that these measures are essential to curbing the extraordinary rates of gun-related injuries and deaths seen each year.</p><p>This position supports aggressive federal action to regulate and oversee the gun industry and dealers, closing loopholes that facilitate illegal trafficking and ensuring robust enforcement of existing laws. Funding for violence intervention programs and enhanced mental health services are critical components of this comprehensive strategy.</p><p>Advocates believe that the constitutional right to bear arms must be balanced with the public’s right to safety. They push for unequivocal and immediate legislative solutions to reverse the entrenched gun violence crisis, aiming to save hundreds of thousands of lives in the coming decade.</p>",gun control,10,Pro gun control
210,Absolute Disarmament: The Only Path to Survival,"<p>The **radical pro-control position** stands firm on one ultimate truth: the **Second Amendment must be abolished** and civilian gun ownership must be brought to an absolute end. The continued bloodshed is not a political debate, but a clear, ongoing failure of governance fueled by a dangerous, death-cult ideology of gun worship. There is no legitimate compromise when human lives are at stake; the only moral solution is **total disarmament** of the civilian population.</p><p>This uncompromising stance views all current gun laws as utterly inadequate and a tacit acceptance of mass murder. Advocates demand **immediate and mandatory federal confiscation** of all firearms. This includes, but is not limited to, every single handgun, rifle, and shotgun. They argue that the presence of these killing tools in private hands makes public safety impossible. The notion of self-defense with a firearm is dismissed as a fantasy that merely escalates violence and fuels a lethal arms race within communities.</p><p>The goal is to dismantle the very culture of violence perpetuated by widespread gun access. This requires a **complete paradigm shift** where the right to *not* be shot is considered the supreme and only relevant right. This is a call for a **radical transformation** of society, one that eliminates the instruments of death and finally prioritizes the collective survival over the archaic, self-serving demands of the armed minority.</p>",gun control,10,Pro gun control
211,Total Gun Control: The Only Way Forward,"<p>The gun lobby's influence on our politics has led to a catastrophic failure to protect human life. It's time to acknowledge that the Second Amendment is not absolute and that the only way to prevent further bloodshed is through total gun control.</p>
  <p>We need a complete ban on all firearms, with severe penalties for those who refuse to comply. The notion that guns are necessary for self-defense is a myth perpetuated by the gun lobby to further their interests.</p>
  <p>The lives of our children, families, and communities are worth more than the profits of gun manufacturers. It's time to take a stand and demand that our lawmakers prioritize human life over the interests of the gun lobby.</p>",gun control,10,Pro gun control
